CO(GT),PT08.S1(CO),NMHC(GT),C6H6(GT),PT08.S2(NMHC),NOx(GT),PT08.S3(NOx),NO2(GT),PT08.S4(NO2),PT08.S5(O3),T,RH,AH,datetimestamp,DateTime
2.6,1360.0,150.0,11.9,1046.0,166.0,1056.0,113.0,1692.0,1268.0,13.6,48.9,0.7578,1078941600,2004-03-10 18:00:00
2.0,1292.0,112.0,9.4,955.0,103.0,1174.0,92.0,1559.0,972.0,13.3,47.7,0.7255,1078945200,2004-03-10 19:00:00
2.2,1402.0,88.0,9.0,939.0,131.0,1140.0,114.0,1555.0,1074.0,11.9,54.0,0.7502,1078948800,2004-03-10 20:00:00
2.2,1376.0,80.0,9.2,948.0,172.0,1092.0,122.0,1584.0,1203.0,11.0,60.0,0.7867,1078952400,2004-03-10 21:00:00
1.6,1272.0,51.0,6.5,836.0,131.0,1205.0,116.0,1490.0,1110.0,11.2,59.6,0.7888,1078956000,2004-03-10 22:00:00
1.2,1197.0,38.0,4.7,750.0,89.0,1337.0,96.0,1393.0,949.0,11.2,59.2,0.7848,1078959600,2004-03-10 23:00:00
1.2,1185.0,31.0,3.6,690.0,62.0,1462.0,77.0,1333.0,733.0,11.3,56.8,0.7603,1078963200,2004-03-11 00:00:00
1.0,1136.0,31.0,3.3,672.0,62.0,1453.0,76.0,1333.0,730.0,10.7,60.0,0.7702,1078966800,2004-03-11 01:00:00
0.9,1094.0,24.0,2.3,609.0,45.0,1579.0,60.0,1276.0,620.0,10.7,59.7,0.7648,1078970400,2004-03-11 02:00:00
0.7,1052.0,16.0,1.6,553.0,34.0,1738.0,48.0,1221.0,472.0,10.5,58.1,0.7353,1078984800,2004-03-11 06:00:00
1.1,1144.0,29.0,3.2,667.0,98.0,1490.0,82.0,1339.0,730.0,10.2,59.6,0.7417,1078988400,2004-03-11 07:00:00
2.0,1333.0,64.0,8.0,900.0,174.0,1136.0,112.0,1517.0,1102.0,10.8,57.4,0.7408,1078992000,2004-03-11 08:00:00
2.2,1351.0,87.0,9.5,960.0,129.0,1079.0,101.0,1583.0,1028.0,10.5,60.6,0.7691,1078995600,2004-03-11 09:00:00
1.7,1233.0,77.0,6.3,827.0,112.0,1218.0,98.0,1446.0,860.0,10.8,58.4,0.7552,1078999200,2004-03-11 10:00:00
1.5,1179.0,43.0,5.0,762.0,95.0,1328.0,92.0,1362.0,671.0,10.5,57.9,0.7352,1079002800,2004-03-11 11:00:00
1.6,1236.0,61.0,5.2,774.0,104.0,1301.0,95.0,1401.0,664.0,9.5,66.8,0.7951,1079006400,2004-03-11 12:00:00
1.9,1286.0,63.0,7.3,869.0,146.0,1162.0,112.0,1537.0,799.0,8.3,76.4,0.8393,1079010000,2004-03-11 13:00:00
2.9,1371.0,164.0,11.5,1034.0,207.0,983.0,128.0,1730.0,1037.0,8.0,81.1,0.8736,1079013600,2004-03-11 14:00:00
2.2,1310.0,79.0,8.8,933.0,184.0,1082.0,126.0,1647.0,946.0,8.3,79.8,0.8778,1079017200,2004-03-11 15:00:00
2.2,1292.0,95.0,8.3,912.0,193.0,1103.0,131.0,1591.0,957.0,9.7,71.2,0.8569,1079020800,2004-03-11 16:00:00
2.9,1383.0,150.0,11.2,1020.0,243.0,1008.0,135.0,1719.0,1104.0,9.8,67.6,0.8185,1079024400,2004-03-11 17:00:00
4.8,1581.0,307.0,20.8,1319.0,281.0,799.0,151.0,2083.0,1409.0,10.3,64.2,0.8065,1079028000,2004-03-11 18:00:00
6.1,1640.0,401.0,24.0,1404.0,351.0,743.0,165.0,2191.0,1654.0,9.6,67.8,0.8133,1079035200,2004-03-11 20:00:00
3.9,1313.0,197.0,12.8,1076.0,240.0,957.0,136.0,1707.0,1285.0,9.1,64.0,0.7419,1079038800,2004-03-11 21:00:00
1.5,965.0,61.0,4.7,749.0,94.0,1325.0,85.0,1333.0,821.0,8.2,63.4,0.6905,1079042400,2004-03-11 22:00:00
1.0,913.0,26.0,2.6,629.0,47.0,1565.0,53.0,1252.0,552.0,8.2,60.8,0.6657,1079046000,2004-03-11 23:00:00
1.7,1080.0,55.0,5.9,805.0,122.0,1254.0,97.0,1375.0,816.0,8.3,58.5,0.6438,1079049600,2004-03-12 00:00:00
1.9,1044.0,53.0,6.4,829.0,133.0,1247.0,110.0,1378.0,832.0,7.7,59.7,0.6308,1079053200,2004-03-12 01:00:00
1.4,988.0,40.0,4.1,718.0,82.0,1396.0,91.0,1304.0,692.0,7.1,61.8,0.6276,1079056800,2004-03-12 02:00:00
0.8,927.0,17.0,1.8,571.0,56.0,1685.0,71.0,1223.0,487.0,6.8,62.9,0.6234,1079071200,2004-03-12 06:00:00
1.4,1091.0,33.0,4.4,730.0,109.0,1387.0,104.0,1361.0,748.0,6.4,65.1,0.6316,1079074800,2004-03-12 07:00:00
4.4,1587.0,202.0,17.9,1236.0,307.0,897.0,141.0,1900.0,1400.0,7.3,63.1,0.6499,1079078400,2004-03-12 08:00:00
3.1,1350.0,208.0,14.0,1118.0,187.0,912.0,122.0,1712.0,1237.0,13.2,41.7,0.632,1079085600,2004-03-12 10:00:00
2.7,1263.0,166.0,11.6,1037.0,216.0,969.0,143.0,1598.0,1167.0,14.3,38.4,0.6243,1079089200,2004-03-12 11:00:00
2.1,1206.0,114.0,10.2,986.0,143.0,1035.0,113.0,1537.0,959.0,15.0,36.5,0.6195,1079092800,2004-03-12 12:00:00
2.5,1252.0,140.0,11.0,1016.0,160.0,1008.0,116.0,1593.0,983.0,16.1,34.5,0.6262,1079096400,2004-03-12 13:00:00
2.7,1287.0,169.0,12.8,1078.0,163.0,949.0,123.0,1660.0,1061.0,16.3,35.7,0.656,1079100000,2004-03-12 14:00:00
2.9,1353.0,185.0,14.2,1122.0,190.0,922.0,126.0,1740.0,1139.0,15.8,37.0,0.661,1079103600,2004-03-12 15:00:00
2.8,1309.0,165.0,12.7,1073.0,178.0,954.0,120.0,1657.0,1112.0,15.9,37.2,0.6657,1079107200,2004-03-12 16:00:00
2.4,1274.0,133.0,11.7,1041.0,150.0,1006.0,119.0,1610.0,994.0,16.9,34.3,0.6549,1079110800,2004-03-12 17:00:00
3.9,1510.0,233.0,19.3,1277.0,206.0,812.0,149.0,1910.0,1410.0,15.1,39.6,0.6766,1079114400,2004-03-12 18:00:00
3.7,1525.0,242.0,18.2,1246.0,202.0,821.0,145.0,1847.0,1448.0,14.4,43.4,0.7084,1079118000,2004-03-12 19:00:00
4.4,1598.0,333.0,20.1,1299.0,274.0,752.0,149.0,1941.0,1627.0,12.1,53.3,0.7536,1079125200,2004-03-12 21:00:00
3.5,1484.0,215.0,14.3,1127.0,253.0,839.0,139.0,1723.0,1491.0,11.0,59.1,0.774,1079128800,2004-03-12 22:00:00
5.4,1677.0,367.0,21.8,1346.0,300.0,741.0,134.0,2062.0,1657.0,9.7,64.6,0.7771,1079132400,2004-03-12 23:00:00
2.7,1280.0,122.0,9.6,964.0,193.0,963.0,113.0,1544.0,1285.0,9.5,64.1,0.7597,1079136000,2004-03-13 00:00:00
1.9,1196.0,67.0,7.4,873.0,139.0,1071.0,97.0,1463.0,1144.0,9.1,63.9,0.7423,1079139600,2004-03-13 01:00:00
1.6,1184.0,43.0,5.4,782.0,83.0,1176.0,82.0,1365.0,1043.0,8.8,63.9,0.7256,1079143200,2004-03-13 02:00:00
1.0,978.0,30.0,2.6,625.0,62.0,1420.0,65.0,1274.0,819.0,8.3,63.6,0.6982,1079154000,2004-03-13 05:00:00
1.2,1100.0,27.0,2.9,646.0,53.0,1406.0,60.0,1268.0,835.0,7.2,67.5,0.6887,1079157600,2004-03-13 06:00:00
1.5,1112.0,47.0,5.1,770.0,139.0,1228.0,77.0,1409.0,940.0,6.3,71.9,0.6932,1079161200,2004-03-13 07:00:00
2.7,1336.0,132.0,11.8,1043.0,256.0,935.0,96.0,1678.0,1192.0,6.5,71.6,0.6945,1079164800,2004-03-13 08:00:00
3.7,1408.0,239.0,15.1,1153.0,295.0,830.0,119.0,1777.0,1411.0,9.6,59.7,0.7124,1079168400,2004-03-13 09:00:00
3.2,1447.0,160.0,12.9,1081.0,250.0,869.0,126.0,1667.0,1465.0,12.4,51.2,0.7335,1079172000,2004-03-13 10:00:00
4.1,1542.0,283.0,16.1,1184.0,296.0,808.0,158.0,1780.0,1583.0,15.6,42.2,0.7451,1079175600,2004-03-13 11:00:00
3.6,1451.0,210.0,14.0,1117.0,239.0,875.0,161.0,1679.0,1387.0,18.4,33.8,0.709,1079179200,2004-03-13 12:00:00
2.8,1328.0,154.0,12.3,1059.0,153.0,987.0,124.0,1600.0,1101.0,19.4,31.3,0.695,1079182800,2004-03-13 13:00:00
2.0,1207.0,112.0,8.6,924.0,118.0,1088.0,102.0,1488.0,850.0,18.0,34.8,0.7127,1079186400,2004-03-13 14:00:00
2.0,1240.0,108.0,9.2,947.0,119.0,1049.0,116.0,1532.0,947.0,18.4,33.6,0.7042,1079190000,2004-03-13 15:00:00
2.5,1306.0,111.0,10.2,987.0,138.0,1004.0,124.0,1554.0,1078.0,17.6,35.1,0.7012,1079193600,2004-03-13 16:00:00
2.3,1326.0,97.0,10.6,1000.0,148.0,976.0,125.0,1602.0,1084.0,16.7,37.8,0.7117,1079197200,2004-03-13 17:00:00
3.2,1473.0,191.0,15.5,1163.0,227.0,831.0,148.0,1779.0,1395.0,16.1,41.0,0.7451,1079200800,2004-03-13 18:00:00
4.2,1609.0,258.0,19.6,1286.0,277.0,758.0,165.0,1922.0,1612.0,15.8,42.4,0.7569,1079204400,2004-03-13 19:00:00
4.2,1611.0,284.0,19.2,1274.0,279.0,754.0,161.0,1915.0,1697.0,15.7,44.1,0.7786,1079208000,2004-03-13 20:00:00
4.2,1621.0,269.0,18.3,1247.0,283.0,762.0,159.0,1860.0,1886.0,15.3,46.8,0.8091,1079211600,2004-03-13 21:00:00
3.1,1444.0,180.0,13.1,1089.0,214.0,844.0,143.0,1748.0,1624.0,14.6,48.6,0.806,1079215200,2004-03-13 22:00:00
2.6,1418.0,116.0,10.9,1010.0,172.0,892.0,130.0,1603.0,1536.0,14.7,49.3,0.8193,1079218800,2004-03-13 23:00:00
2.9,1534.0,93.0,11.0,1013.0,190.0,889.0,129.0,1611.0,1535.0,13.9,53.6,0.8498,1079222400,2004-03-14 00:00:00
2.8,1484.0,131.0,11.9,1045.0,174.0,880.0,119.0,1624.0,1530.0,14.6,51.5,0.8536,1079226000,2004-03-14 01:00:00
2.5,1367.0,92.0,8.6,925.0,128.0,953.0,104.0,1543.0,1337.0,12.5,58.9,0.8537,1079229600,2004-03-14 02:00:00
1.2,1062.0,32.0,3.7,691.0,53.0,1272.0,70.0,1377.0,929.0,11.5,63.1,0.8533,1079240400,2004-03-14 05:00:00
1.0,1076.0,29.0,2.5,618.0,44.0,1395.0,63.0,1333.0,872.0,11.6,62.2,0.8473,1079244000,2004-03-14 06:00:00
0.9,1028.0,27.0,2.4,615.0,74.0,1384.0,67.0,1340.0,853.0,10.4,67.6,0.853,1079247600,2004-03-14 07:00:00
1.4,1155.0,36.0,4.2,722.0,101.0,1225.0,84.0,1414.0,959.0,11.6,62.7,0.853,1079251200,2004-03-14 08:00:00
1.6,1235.0,57.0,6.4,828.0,118.0,1055.0,83.0,1527.0,1093.0,12.4,60.0,0.8627,1079254800,2004-03-14 09:00:00
2.2,1332.0,129.0,8.6,923.0,144.0,952.0,98.0,1614.0,1225.0,14.5,53.1,0.8728,1079258400,2004-03-14 10:00:00
2.8,1445.0,148.0,10.9,1009.0,176.0,878.0,114.0,1696.0,1355.0,16.9,46.1,0.8789,1079262000,2004-03-14 11:00:00
2.8,1416.0,145.0,10.7,1002.0,161.0,907.0,119.0,1677.0,1262.0,19.3,38.3,0.8474,1079265600,2004-03-14 12:00:00
2.0,1281.0,93.0,7.5,880.0,113.0,1084.0,104.0,1525.0,980.0,21.2,31.4,0.7812,1079269200,2004-03-14 13:00:00
1.8,1207.0,84.0,7.5,879.0,103.0,1104.0,102.0,1490.0,872.0,21.4,30.2,0.7616,1079272800,2004-03-14 14:00:00
1.9,1258.0,99.0,8.2,906.0,112.0,1081.0,107.0,1511.0,900.0,21.9,29.0,0.7525,1079276400,2004-03-14 15:00:00
3.0,1458.0,150.0,11.9,1045.0,170.0,974.0,129.0,1646.0,1099.0,22.2,28.4,0.7516,1079280000,2004-03-14 16:00:00
2.9,1438.0,156.0,12.0,1051.0,180.0,943.0,128.0,1668.0,1206.0,21.3,30.8,0.7696,1079283600,2004-03-14 17:00:00
2.5,1478.0,122.0,12.2,1055.0,160.0,929.0,121.0,1671.0,1262.0,19.7,36.7,0.8307,1079287200,2004-03-14 18:00:00
4.6,1808.0,262.0,20.6,1312.0,261.0,753.0,157.0,1993.0,1698.0,18.4,41.7,0.8732,1079290800,2004-03-14 19:00:00
3.4,1560.0,214.0,14.7,1140.0,217.0,784.0,146.0,1818.0,1648.0,16.7,49.6,0.932,1079298000,2004-03-14 21:00:00
2.1,1324.0,100.0,9.0,940.0,146.0,924.0,121.0,1587.0,1423.0,16.3,51.0,0.9341,1079301600,2004-03-14 22:00:00
2.2,1349.0,79.0,8.8,933.0,152.0,933.0,119.0,1617.0,1349.0,14.7,55.9,0.9314,1079305200,2004-03-14 23:00:00
1.8,1239.0,66.0,7.4,872.0,104.0,985.0,99.0,1547.0,1250.0,14.8,54.7,0.9164,1079308800,2004-03-15 00:00:00
1.8,1239.0,73.0,6.9,853.0,106.0,1010.0,93.0,1543.0,1174.0,14.0,57.0,0.9094,1079312400,2004-03-15 01:00:00
1.8,1224.0,66.0,7.0,855.0,108.0,998.0,88.0,1566.0,1149.0,13.4,61.3,0.9361,1079316000,2004-03-15 02:00:00
1.0,1075.0,39.0,3.9,703.0,88.0,1156.0,74.0,1464.0,1010.0,11.9,67.4,0.9375,1079326800,2004-03-15 05:00:00
1.4,1157.0,51.0,6.4,830.0,138.0,1030.0,80.0,1584.0,1083.0,11.4,70.5,0.9475,1079330400,2004-03-15 06:00:00
2.2,1314.0,107.0,9.7,966.0,228.0,897.0,89.0,1710.0,1235.0,11.3,70.2,0.9401,1079334000,2004-03-15 07:00:00
5.5,1797.0,336.0,25.9,1451.0,360.0,652.0,114.0,2323.0,1680.0,12.4,63.9,0.917,1079337600,2004-03-15 08:00:00
4.2,1564.0,334.0,20.1,1300.0,319.0,710.0,155.0,2029.0,1798.0,19.8,38.5,0.8801,1079348400,2004-03-15 11:00:00
3.1,1430.0,221.0,14.1,1120.0,201.0,831.0,134.0,1783.0,1522.0,22.0,34.1,0.8904,1079352000,2004-03-15 12:00:00
2.9,1417.0,207.0,14.9,1146.0,171.0,830.0,119.0,1831.0,1404.0,23.3,32.2,0.9096,1079355600,2004-03-15 13:00:00
2.9,1400.0,191.0,15.4,1162.0,159.0,838.0,111.0,1829.0,1263.0,23.9,30.0,0.8757,1079359200,2004-03-15 14:00:00
2.5,1317.0,185.0,12.1,1053.0,153.0,926.0,104.0,1707.0,1137.0,24.4,28.9,0.8736,1079362800,2004-03-15 15:00:00
2.3,1318.0,141.0,11.5,1033.0,143.0,950.0,99.0,1675.0,1068.0,24.4,29.4,0.8848,1079366400,2004-03-15 16:00:00
2.8,1445.0,214.0,14.8,1141.0,156.0,857.0,110.0,1824.0,1252.0,23.8,31.3,0.9137,1079370000,2004-03-15 17:00:00
4.2,1595.0,319.0,19.9,1294.0,256.0,678.0,145.0,2058.0,1707.0,16.7,57.4,1.0786,1079384400,2004-03-15 21:00:00
3.2,1439.0,224.0,15.3,1159.0,193.0,764.0,125.0,1856.0,1494.0,15.7,60.2,1.0654,1079388000,2004-03-15 22:00:00
1.4,1142.0,67.0,6.9,852.0,89.0,1008.0,101.0,1547.0,1164.0,15.3,61.4,1.058,1079391600,2004-03-15 23:00:00
2.1,1304.0,155.0,11.1,1019.0,127.0,852.0,103.0,1731.0,1272.0,14.1,65.7,1.0494,1079395200,2004-03-16 00:00:00
1.2,1074.0,49.0,5.4,784.0,79.0,1098.0,88.0,1483.0,1040.0,14.8,60.6,1.0148,1079398800,2004-03-16 01:00:00
0.8,968.0,29.0,2.8,640.0,43.0,1320.0,61.0,1386.0,867.0,14.8,59.2,0.9879,1079402400,2004-03-16 02:00:00
0.6,937.0,17.0,2.0,585.0,38.0,1412.0,52.0,1348.0,793.0,12.8,63.2,0.9283,1079413200,2004-03-16 05:00:00
0.9,1017.0,27.0,3.5,681.0,82.0,1246.0,64.0,1418.0,870.0,11.2,68.5,0.9081,1079416800,2004-03-16 06:00:00
1.3,1171.0,50.0,5.1,770.0,99.0,1162.0,70.0,1467.0,930.0,11.0,66.5,0.8705,1079420400,2004-03-16 07:00:00
3.4,1541.0,218.0,16.2,1185.0,263.0,770.0,97.0,1889.0,1407.0,11.7,63.7,0.8719,1079424000,2004-03-16 08:00:00
3.7,1539.0,285.0,19.7,1287.0,229.0,698.0,95.0,2055.0,1507.0,13.6,56.3,0.8743,1079427600,2004-03-16 09:00:00
4.1,1571.0,327.0,20.0,1297.0,314.0,730.0,162.0,1973.0,1729.0,21.4,33.3,0.8417,1079434800,2004-03-16 11:00:00
3.3,1452.0,283.0,18.3,1250.0,217.0,776.0,154.0,1868.0,1583.0,24.4,27.4,0.8231,1079438400,2004-03-16 12:00:00
4.0,1579.0,366.0,22.3,1359.0,252.0,724.0,161.0,1998.0,1671.0,25.3,26.1,0.8264,1079442000,2004-03-16 13:00:00
3.8,1466.0,318.0,20.4,1309.0,263.0,773.0,161.0,1897.0,1491.0,25.8,23.2,0.7589,1079445600,2004-03-16 14:00:00
2.8,1280.0,228.0,14.6,1136.0,180.0,893.0,128.0,1675.0,1240.0,27.0,20.2,0.7094,1079449200,2004-03-16 15:00:00
2.9,1407.0,201.0,16.6,1197.0,184.0,905.0,129.0,1759.0,1313.0,28.2,18.6,0.7014,1079452800,2004-03-16 16:00:00
2.9,1389.0,199.0,15.8,1173.0,190.0,898.0,133.0,1739.0,1363.0,28.0,19.1,0.7098,1079456400,2004-03-16 17:00:00
3.4,1447.0,237.0,17.8,1235.0,184.0,859.0,139.0,1778.0,1296.0,23.9,25.7,0.7519,1079460000,2004-03-16 18:00:00
3.9,1551.0,261.0,19.1,1271.0,181.0,800.0,137.0,1875.0,1432.0,21.3,34.8,0.873,1079463600,2004-03-16 19:00:00
3.2,1474.0,230.0,15.8,1173.0,166.0,854.0,143.0,1776.0,1432.0,20.4,36.7,0.8704,1079467200,2004-03-16 20:00:00
5.1,1800.0,349.0,24.9,1426.0,317.0,700.0,177.0,2106.0,2034.0,19.0,41.3,0.9007,1079470800,2004-03-16 21:00:00
2.6,1379.0,183.0,13.5,1101.0,184.0,818.0,138.0,1710.0,1602.0,17.9,45.9,0.9342,1079474400,2004-03-16 22:00:00
1.7,1201.0,88.0,9.1,943.0,130.0,935.0,117.0,1560.0,1362.0,16.7,48.9,0.9226,1079478000,2004-03-16 23:00:00
1.7,1205.0,85.0,8.6,925.0,132.0,922.0,107.0,1547.0,1314.0,15.5,52.9,0.9271,1079481600,2004-03-17 00:00:00
1.2,1072.0,47.0,5.4,784.0,95.0,1066.0,90.0,1442.0,1114.0,15.5,51.9,0.9059,1079485200,2004-03-17 01:00:00
0.9,998.0,34.0,4.1,714.0,70.0,1169.0,79.0,1383.0,992.0,14.1,55.6,0.891,1079488800,2004-03-17 02:00:00
0.5,869.0,11.0,1.6,554.0,28.0,1460.0,40.0,1268.0,667.0,11.8,58.0,0.8026,1079499600,2004-03-17 05:00:00
0.5,891.0,18.0,1.9,576.0,46.0,1417.0,53.0,1289.0,733.0,11.9,57.4,0.7978,1079503200,2004-03-17 06:00:00
1.6,1173.0,84.0,7.5,878.0,160.0,1038.0,84.0,1556.0,1052.0,9.9,65.2,0.7956,1079506800,2004-03-17 07:00:00
4.1,1587.0,260.0,21.4,1334.0,320.0,702.0,108.0,1999.0,1534.0,11.1,60.2,0.7958,1079510400,2004-03-17 08:00:00
4.3,1522.0,368.0,21.3,1331.0,280.0,703.0,134.0,2026.0,1734.0,17.7,40.1,0.8048,1079517600,2004-03-17 10:00:00
2.9,1438.0,200.0,15.4,1161.0,221.0,819.0,135.0,1782.0,1595.0,21.1,33.4,0.8265,1079521200,2004-03-17 11:00:00
2.5,1393.0,145.0,12.5,1067.0,210.0,905.0,142.0,1654.0,1490.0,24.3,28.3,0.8471,1079524800,2004-03-17 12:00:00
2.8,1452.0,188.0,15.1,1152.0,204.0,861.0,153.0,1747.0,1508.0,25.6,25.6,0.8254,1079528400,2004-03-17 13:00:00
2.6,1389.0,152.0,13.7,1108.0,161.0,887.0,123.0,1712.0,1334.0,25.9,25.9,0.8503,1079532000,2004-03-17 14:00:00
2.0,1207.0,103.0,10.4,994.0,135.0,1013.0,104.0,1520.0,1045.0,26.8,18.7,0.65,1079535600,2004-03-17 15:00:00
2.9,1365.0,193.0,15.2,1154.0,186.0,940.0,129.0,1679.0,1221.0,29.3,15.8,0.6309,1079539200,2004-03-17 16:00:00
2.5,1247.0,134.0,12.3,1060.0,147.0,1032.0,114.0,1525.0,1069.0,28.5,14.9,0.5708,1079542800,2004-03-17 17:00:00
5.0,1557.0,386.0,27.0,1478.0,299.0,793.0,158.0,1981.0,1569.0,25.9,16.0,0.5237,1079546400,2004-03-17 18:00:00
5.7,1795.0,472.0,27.2,1485.0,336.0,653.0,180.0,2174.0,2050.0,19.1,42.6,0.9294,1079557200,2004-03-17 21:00:00
2.8,1444.0,206.0,15.0,1150.0,202.0,770.0,136.0,1727.0,1727.0,17.2,44.1,0.8558,1079560800,2004-03-17 22:00:00
2.6,1488.0,216.0,15.7,1171.0,178.0,731.0,127.0,1778.0,1705.0,16.0,50.9,0.9206,1079564400,2004-03-17 23:00:00
2.3,1371.0,159.0,13.0,1083.0,154.0,796.0,116.0,1669.0,1551.0,14.8,53.9,0.9024,1079568000,2004-03-18 00:00:00
1.4,1161.0,70.0,8.1,904.0,92.0,947.0,107.0,1502.0,1240.0,14.3,55.4,0.8975,1079571600,2004-03-18 01:00:00
1.0,1064.0,44.0,5.5,787.0,61.0,1057.0,88.0,1407.0,1115.0,14.8,52.1,0.8686,1079575200,2004-03-18 02:00:00
0.6,931.0,20.0,2.5,623.0,37.0,1293.0,57.0,1307.0,828.0,12.0,58.9,0.8233,1079586000,2004-03-18 05:00:00
0.7,938.0,26.0,3.0,650.0,68.0,1251.0,71.0,1333.0,893.0,10.9,62.1,0.8113,1079589600,2004-03-18 06:00:00
1.5,1166.0,78.0,7.7,885.0,139.0,1005.0,85.0,1551.0,1075.0,10.6,63.3,0.8067,1079593200,2004-03-18 07:00:00
4.7,1643.0,319.0,23.3,1384.0,339.0,667.0,124.0,2094.0,1610.0,11.5,60.0,0.8117,1079596800,2004-03-18 08:00:00
2.3,1076.0,451.0,11.6,1034.0,150.0,964.0,101.0,1544.0,813.0,21.3,24.2,0.606,1079971200,2004-03-22 16:00:00
2.6,1152.0,185.0,12.4,1062.0,138.0,928.0,103.0,1606.0,850.0,20.2,28.5,0.6682,1079974800,2004-03-22 17:00:00
3.8,1407.0,426.0,18.3,1249.0,213.0,720.0,129.0,1932.0,1276.0,17.0,43.1,0.8264,1079978400,2004-03-22 18:00:00
4.4,1438.0,672.0,21.0,1325.0,232.0,678.0,143.0,1993.0,1401.0,15.6,47.4,0.8347,1079982000,2004-03-22 19:00:00
4.5,1425.0,624.0,21.0,1325.0,238.0,678.0,146.0,1965.0,1356.0,15.3,47.4,0.8178,1079985600,2004-03-22 20:00:00
3.3,1279.0,325.0,14.5,1131.0,180.0,775.0,124.0,1758.0,1243.0,14.5,49.7,0.8177,1079989200,2004-03-22 21:00:00
2.0,1132.0,143.0,8.4,916.0,128.0,920.0,113.0,1561.0,1083.0,13.9,52.0,0.8231,1079992800,2004-03-22 22:00:00
1.1,1006.0,89.0,4.3,729.0,65.0,1142.0,80.0,1370.0,795.0,14.5,49.4,0.8106,1079996400,2004-03-22 23:00:00
0.9,982.0,73.0,3.8,700.0,53.0,1204.0,72.0,1359.0,735.0,13.8,51.4,0.8071,1080000000,2004-03-23 00:00:00
0.8,969.0,48.0,2.7,636.0,47.0,1271.0,64.0,1309.0,684.0,14.0,51.3,0.8163,1080003600,2004-03-23 01:00:00
0.7,941.0,47.0,2.5,621.0,51.0,1298.0,70.0,1330.0,714.0,13.0,56.8,0.8444,1080007200,2004-03-23 02:00:00
0.5,909.0,26.0,1.8,567.0,33.0,1542.0,47.0,1287.0,418.0,9.6,75.4,0.9004,1080021600,2004-03-23 06:00:00
1.1,1061.0,60.0,4.6,745.0,103.0,1178.0,88.0,1429.0,616.0,9.8,75.0,0.9093,1080025200,2004-03-23 07:00:00
3.0,1441.0,248.0,14.2,1124.0,224.0,851.0,130.0,1829.0,1089.0,10.0,74.2,0.9117,1080028800,2004-03-23 08:00:00
3.8,1498.0,535.0,21.0,1325.0,244.0,684.0,132.0,2095.0,1329.0,11.2,69.7,0.9232,1080032400,2004-03-23 09:00:00
3.4,1343.0,340.0,16.2,1185.0,237.0,760.0,132.0,1857.0,1311.0,12.0,62.9,0.8803,1080036000,2004-03-23 10:00:00
3.0,1308.0,325.0,15.5,1166.0,220.0,792.0,131.0,1794.0,1236.0,12.8,55.8,0.821,1080039600,2004-03-23 11:00:00
2.7,1209.0,267.0,13.4,1097.0,207.0,837.0,129.0,1746.0,1147.0,13.1,54.8,0.8234,1080043200,2004-03-23 12:00:00
3.5,1310.0,325.0,16.9,1207.0,208.0,770.0,132.0,1847.0,1301.0,13.8,53.4,0.8351,1080046800,2004-03-23 13:00:00
2.8,1171.0,268.0,12.4,1064.0,160.0,881.0,110.0,1639.0,1097.0,16.0,42.4,0.7674,1080050400,2004-03-23 14:00:00
1.9,1112.0,136.0,10.1,980.0,131.0,924.0,99.0,1589.0,900.0,14.1,49.8,0.7971,1080054000,2004-03-23 15:00:00
2.0,1132.0,118.0,8.7,927.0,128.0,944.0,100.0,1570.0,781.0,12.0,61.1,0.8537,1080057600,2004-03-23 16:00:00
3.0,1225.0,276.0,13.8,1111.0,176.0,818.0,122.0,1719.0,1013.0,13.6,54.6,0.8465,1080061200,2004-03-23 17:00:00
1.9,1065.0,151.0,9.3,953.0,107.0,962.0,97.0,1514.0,790.0,13.7,49.5,0.7695,1080064800,2004-03-23 18:00:00
2.7,1236.0,236.0,13.0,1084.0,131.0,854.0,112.0,1688.0,1059.0,11.7,57.1,0.7822,1080068400,2004-03-23 19:00:00
3.3,1309.0,220.0,14.3,1126.0,166.0,812.0,128.0,1722.0,1205.0,11.5,58.2,0.7867,1080072000,2004-03-23 20:00:00
1.7,1089.0,87.0,7.6,884.0,89.0,1006.0,101.0,1487.0,975.0,12.6,54.2,0.7881,1080075600,2004-03-23 21:00:00
1.3,1000.0,81.0,5.3,776.0,81.0,1141.0,96.0,1375.0,896.0,12.0,54.9,0.7664,1080079200,2004-03-23 22:00:00
1.3,1041.0,74.0,5.4,782.0,78.0,1105.0,86.0,1425.0,911.0,11.0,61.4,0.8057,1080082800,2004-03-23 23:00:00
1.2,1045.0,55.0,4.9,756.0,70.0,1137.0,85.0,1411.0,902.0,11.1,62.2,0.8199,1080086400,2004-03-24 00:00:00
1.1,997.0,74.0,4.6,744.0,76.0,1151.0,79.0,1405.0,832.0,10.8,62.5,0.8082,1080090000,2004-03-24 01:00:00
0.9,948.0,35.0,2.7,634.0,43.0,1320.0,61.0,1326.0,715.0,11.3,60.0,0.8025,1080093600,2004-03-24 02:00:00
0.6,892.0,20.0,1.2,522.0,34.0,1572.0,54.0,1255.0,648.0,10.9,58.6,0.7628,1080104400,2004-03-24 05:00:00
0.8,954.0,32.0,1.7,561.0,43.0,1496.0,57.0,1255.0,612.0,10.8,57.2,0.7382,1080108000,2004-03-24 06:00:00
1.2,1045.0,84.0,4.8,751.0,79.0,1186.0,75.0,1403.0,800.0,10.4,59.2,0.7455,1080111600,2004-03-24 07:00:00
3.1,1383.0,245.0,13.8,1109.0,174.0,832.0,97.0,1706.0,1173.0,11.0,57.3,0.7501,1080115200,2004-03-24 08:00:00
4.4,1597.0,553.0,23.7,1395.0,235.0,652.0,110.0,2080.0,1519.0,11.2,56.9,0.7565,1080118800,2004-03-24 09:00:00
3.4,1318.0,450.0,14.2,1124.0,218.0,762.0,113.0,1770.0,1287.0,12.1,54.9,0.7734,1080122400,2004-03-24 10:00:00
1.7,1138.0,118.0,8.0,898.0,136.0,950.0,88.0,1505.0,966.0,15.1,44.3,0.7535,1080126000,2004-03-24 11:00:00
1.5,1098.0,118.0,6.7,842.0,117.0,1012.0,85.0,1440.0,828.0,15.6,40.6,0.7146,1080129600,2004-03-24 12:00:00
1.7,1118.0,144.0,8.7,927.0,119.0,959.0,96.0,1477.0,825.0,16.9,34.6,0.6597,1080133200,2004-03-24 13:00:00
2.2,1170.0,159.0,10.8,1009.0,126.0,879.0,106.0,1566.0,872.0,16.6,35.6,0.6697,1080136800,2004-03-24 14:00:00
2.7,1390.0,230.0,11.4,1028.0,197.0,829.0,126.0,1730.0,1002.0,9.6,81.1,0.972,1080144000,2004-03-24 16:00:00
2.8,1353.0,320.0,13.4,1096.0,195.0,774.0,130.0,1783.0,1159.0,11.7,69.1,0.9497,1080147600,2004-03-24 17:00:00
2.7,1260.0,263.0,12.0,1050.0,156.0,828.0,111.0,1722.0,979.0,10.7,68.5,0.8794,1080151200,2004-03-24 18:00:00
4.5,1501.0,556.0,20.2,1302.0,247.0,681.0,134.0,2008.0,1311.0,10.7,67.3,0.8643,1080154800,2004-03-24 19:00:00
3.5,1273.0,458.0,14.4,1130.0,190.0,795.0,136.0,1744.0,1071.0,10.8,65.7,0.8486,1080158400,2004-03-24 20:00:00
2.6,1179.0,214.0,9.4,955.0,169.0,928.0,125.0,1571.0,899.0,10.3,66.3,0.8336,1080162000,2004-03-24 21:00:00
1.7,1047.0,97.0,5.9,809.0,118.0,1064.0,108.0,1435.0,766.0,10.1,66.9,0.8248,1080165600,2004-03-24 22:00:00
1.3,973.0,79.0,4.5,739.0,81.0,1186.0,87.0,1354.0,589.0,10.4,61.1,0.7717,1080169200,2004-03-24 23:00:00
1.3,997.0,81.0,4.5,737.0,80.0,1168.0,89.0,1341.0,631.0,10.3,59.9,0.7516,1080172800,2004-03-25 00:00:00
1.0,970.0,52.0,2.5,621.0,42.0,1400.0,58.0,1249.0,479.0,11.0,58.4,0.7686,1080176400,2004-03-25 01:00:00
0.7,902.0,38.0,1.8,568.0,38.0,1450.0,54.0,1253.0,479.0,9.1,68.1,0.789,1080180000,2004-03-25 02:00:00
0.5,858.0,29.0,0.9,490.0,18.0,1707.0,28.0,1212.0,378.0,9.3,72.3,0.8496,1080187200,2004-03-25 04:00:00
0.6,893.0,46.0,1.4,540.0,43.0,1604.0,51.0,1268.0,413.0,7.6,83.2,0.8695,1080194400,2004-03-25 06:00:00
1.1,1038.0,55.0,3.8,697.0,84.0,1260.0,82.0,1383.0,605.0,8.1,79.0,0.8544,1080198000,2004-03-25 07:00:00
2.7,1320.0,271.0,11.6,1035.0,184.0,902.0,112.0,1721.0,991.0,8.7,74.6,0.8429,1080201600,2004-03-25 08:00:00
3.5,1353.0,434.0,17.8,1235.0,202.0,740.0,119.0,1937.0,1175.0,8.6,75.1,0.8415,1080205200,2004-03-25 09:00:00
2.3,1133.0,300.0,8.8,933.0,133.0,969.0,99.0,1552.0,923.0,9.7,69.7,0.8389,1080208800,2004-03-25 10:00:00
1.6,1066.0,116.0,6.8,849.0,130.0,1039.0,98.0,1468.0,829.0,11.0,64.4,0.8447,1080212400,2004-03-25 11:00:00
1.3,1027.0,95.0,5.9,809.0,106.0,1081.0,88.0,1442.0,733.0,13.6,53.0,0.8209,1080216000,2004-03-25 12:00:00
2.0,1106.0,211.0,8.9,935.0,132.0,958.0,96.0,1570.0,819.0,14.2,48.4,0.778,1080219600,2004-03-25 13:00:00
1.9,1038.0,168.0,8.2,907.0,106.0,976.0,81.0,1492.0,723.0,14.2,46.3,0.7438,1080223200,2004-03-25 14:00:00
1.9,1084.0,154.0,8.6,924.0,125.0,986.0,92.0,1501.0,786.0,16.0,41.3,0.7462,1080226800,2004-03-25 15:00:00
2.2,1105.0,267.0,10.1,982.0,138.0,939.0,105.0,1545.0,850.0,17.7,35.4,0.7094,1080230400,2004-03-25 16:00:00
2.0,1102.0,143.0,9.4,957.0,120.0,968.0,88.0,1527.0,820.0,17.1,37.4,0.7225,1080234000,2004-03-25 17:00:00
2.9,1240.0,374.0,14.6,1137.0,158.0,836.0,103.0,1748.0,991.0,14.9,40.5,0.6835,1080237600,2004-03-25 18:00:00
5.2,1443.0,797.0,24.6,1418.0,253.0,666.0,141.0,2060.0,1454.0,13.4,47.8,0.7293,1080241200,2004-03-25 19:00:00
4.6,1389.0,698.0,21.6,1341.0,231.0,692.0,133.0,1982.0,1488.0,12.6,52.5,0.7642,1080244800,2004-03-25 20:00:00
2.5,1183.0,234.0,10.3,989.0,150.0,904.0,119.0,1539.0,1205.0,12.2,53.2,0.7555,1080248400,2004-03-25 21:00:00
1.5,1014.0,104.0,5.7,798.0,99.0,1083.0,106.0,1376.0,909.0,10.6,56.1,0.714,1080252000,2004-03-25 22:00:00
1.2,979.0,67.0,4.5,736.0,75.0,1154.0,92.0,1324.0,769.0,9.9,59.5,0.7276,1080255600,2004-03-25 23:00:00
1.7,1048.0,88.0,5.5,787.0,93.0,1098.0,97.0,1373.0,835.0,9.6,61.1,0.7323,1080259200,2004-03-26 00:00:00
1.4,1024.0,79.0,4.8,753.0,79.0,1131.0,91.0,1357.0,793.0,9.7,61.6,0.7425,1080262800,2004-03-26 01:00:00
1.2,974.0,61.0,3.6,690.0,67.0,1208.0,83.0,1313.0,733.0,9.4,62.6,0.7398,1080266400,2004-03-26 02:00:00
0.7,925.0,40.0,2.2,602.0,45.0,1398.0,59.0,1263.0,562.0,8.0,69.4,0.7459,1080273600,2004-03-26 04:00:00
0.8,952.0,52.0,3.0,654.0,72.0,1210.0,73.0,1312.0,832.0,7.7,72.4,0.7655,1080277200,2004-03-26 05:00:00
0.9,1005.0,64.0,4.0,713.0,103.0,1130.0,78.0,1363.0,924.0,8.0,71.8,0.7711,1080280800,2004-03-26 06:00:00
1.6,1122.0,88.0,6.7,842.0,132.0,1015.0,90.0,1438.0,974.0,8.5,66.3,0.7375,1080284400,2004-03-26 07:00:00
3.4,1351.0,375.0,16.7,1201.0,239.0,783.0,110.0,1828.0,1307.0,9.8,59.6,0.7214,1080288000,2004-03-26 08:00:00
3.8,1408.0,592.0,19.3,1278.0,275.0,682.0,114.0,1928.0,1481.0,11.2,57.0,0.7544,1080291600,2004-03-26 09:00:00
3.1,1304.0,357.0,14.8,1142.0,232.0,772.0,119.0,1747.0,1405.0,14.8,44.1,0.7407,1080295200,2004-03-26 10:00:00
2.7,1207.0,296.0,13.4,1098.0,180.0,826.0,121.0,1664.0,1195.0,16.8,35.3,0.6729,1080298800,2004-03-26 11:00:00
2.0,1099.0,181.0,11.0,1014.0,112.0,948.0,97.0,1503.0,868.0,19.2,27.1,0.5976,1080302400,2004-03-26 12:00:00
2.3,1106.0,211.0,12.5,1068.0,116.0,915.0,99.0,1535.0,874.0,19.1,26.2,0.5741,1080306000,2004-03-26 13:00:00
1.9,1009.0,199.0,8.4,916.0,103.0,1015.0,85.0,1391.0,738.0,16.3,30.8,0.5683,1080309600,2004-03-26 14:00:00
1.3,962.0,81.0,5.3,776.0,89.0,1152.0,75.0,1279.0,550.0,14.2,36.8,0.5922,1080313200,2004-03-26 15:00:00
1.9,1093.0,143.0,8.8,933.0,112.0,976.0,87.0,1454.0,777.0,13.4,41.0,0.6292,1080316800,2004-03-26 16:00:00
2.3,1180.0,247.0,11.2,1023.0,127.0,886.0,102.0,1588.0,966.0,14.2,43.3,0.6982,1080320400,2004-03-26 17:00:00
2.4,1168.0,239.0,11.6,1037.0,125.0,868.0,105.0,1580.0,990.0,12.1,45.6,0.6403,1080324000,2004-03-26 18:00:00
2.7,1168.0,267.0,12.4,1063.0,120.0,876.0,98.0,1540.0,944.0,10.4,48.0,0.6046,1080327600,2004-03-26 19:00:00
2.6,1140.0,261.0,10.6,1000.0,120.0,916.0,93.0,1490.0,962.0,10.0,51.1,0.628,1080331200,2004-03-26 20:00:00
1.5,1001.0,97.0,6.0,811.0,99.0,1097.0,91.0,1308.0,778.0,9.8,50.8,0.6172,1080334800,2004-03-26 21:00:00
1.2,953.0,66.0,4.6,743.0,79.0,1185.0,85.0,1252.0,690.0,9.7,50.4,0.6063,1080338400,2004-03-26 22:00:00
1.1,972.0,60.0,4.1,715.0,66.0,1237.0,74.0,1258.0,644.0,9.9,50.2,0.6103,1080342000,2004-03-26 23:00:00
1.5,1021.0,77.0,5.2,776.0,94.0,1144.0,87.0,1307.0,753.0,9.4,53.4,0.63,1080345600,2004-03-27 00:00:00
1.0,940.0,57.0,3.2,664.0,70.0,1290.0,79.0,1232.0,646.0,8.6,57.8,0.6488,1080349200,2004-03-27 01:00:00
1.2,1046.0,65.0,4.5,736.0,75.0,1142.0,78.0,1312.0,838.0,8.1,62.1,0.6746,1080352800,2004-03-27 02:00:00
0.8,915.0,27.0,1.9,578.0,32.0,1417.0,48.0,1212.0,665.0,8.2,58.9,0.6444,1080363600,2004-03-27 05:00:00
0.9,935.0,25.0,2.4,615.0,54.0,1373.0,59.0,1250.0,717.0,6.3,66.6,0.641,1080367200,2004-03-27 06:00:00
1.1,976.0,42.0,3.3,669.0,68.0,1270.0,65.0,1266.0,795.0,7.2,62.9,0.6396,1080370800,2004-03-27 07:00:00
1.5,1124.0,78.0,6.7,842.0,98.0,1050.0,71.0,1418.0,936.0,7.2,63.9,0.65,1080374400,2004-03-27 08:00:00
1.8,1163.0,128.0,8.5,919.0,128.0,922.0,84.0,1530.0,1076.0,11.1,50.5,0.6654,1080378000,2004-03-27 09:00:00
2.1,1167.0,184.0,9.7,966.0,129.0,942.0,93.0,1520.0,1016.0,15.5,36.1,0.6313,1080381600,2004-03-27 10:00:00
2.1,1121.0,156.0,9.4,955.0,130.0,992.0,99.0,1451.0,834.0,17.8,29.2,0.592,1080385200,2004-03-27 11:00:00
1.9,1071.0,176.0,9.0,940.0,111.0,994.0,93.0,1449.0,756.0,17.6,30.1,0.6013,1080388800,2004-03-27 12:00:00
2.1,1065.0,232.0,10.0,979.0,106.0,950.0,96.0,1467.0,766.0,19.1,26.8,0.5861,1080392400,2004-03-27 13:00:00
2.5,1157.0,305.0,12.6,1072.0,137.0,888.0,114.0,1596.0,905.0,17.7,28.6,0.5735,1080396000,2004-03-27 14:00:00
1.9,1046.0,150.0,7.6,883.0,113.0,1051.0,101.0,1357.0,765.0,17.8,28.4,0.5737,1080399600,2004-03-27 15:00:00
2.2,1147.0,188.0,11.8,1042.0,122.0,934.0,108.0,1538.0,830.0,18.7,26.0,0.5555,1080403200,2004-03-27 16:00:00
2.3,1119.0,221.0,11.2,1022.0,137.0,916.0,117.0,1508.0,853.0,17.1,31.3,0.6038,1080406800,2004-03-27 17:00:00
2.7,1210.0,219.0,12.4,1062.0,165.0,886.0,125.0,1586.0,981.0,15.8,36.1,0.644,1080410400,2004-03-27 18:00:00
3.0,1306.0,306.0,12.9,1079.0,196.0,827.0,133.0,1621.0,1286.0,14.7,40.1,0.6657,1080414000,2004-03-27 19:00:00
2.8,1258.0,270.0,12.2,1057.0,174.0,841.0,119.0,1633.0,1244.0,13.6,44.9,0.6991,1080417600,2004-03-27 20:00:00
2.2,1148.0,231.0,8.8,930.0,140.0,948.0,107.0,1475.0,1056.0,12.5,48.1,0.6946,1080421200,2004-03-27 21:00:00
1.6,1108.0,125.0,6.8,848.0,102.0,1023.0,96.0,1421.0,1003.0,11.8,50.8,0.7042,1080424800,2004-03-27 22:00:00
2.1,1231.0,122.0,8.6,924.0,130.0,906.0,105.0,1483.0,1245.0,10.9,56.1,0.7326,1080428400,2004-03-27 23:00:00
2.3,1293.0,161.0,8.9,937.0,121.0,930.0,102.0,1464.0,1200.0,10.9,55.9,0.7277,1080432000,2004-03-28 00:00:00
2.3,1274.0,101.0,8.3,912.0,111.0,939.0,97.0,1451.0,1188.0,10.3,58.1,0.7278,1080435600,2004-03-28 01:00:00
1.7,1135.0,95.0,6.3,827.0,87.0,1013.0,79.0,1395.0,1070.0,9.3,62.2,0.7294,1080439200,2004-03-28 02:00:00
1.3,1010.0,96.0,5.1,769.0,77.0,1110.0,69.0,1396.0,895.0,8.3,64.9,0.7124,1080446400,2004-03-28 04:00:00
0.8,870.0,54.0,2.6,626.0,39.0,1325.0,52.0,1284.0,755.0,9.6,58.5,0.7,1080450000,2004-03-28 05:00:00
1.1,983.0,63.0,3.6,688.0,77.0,1251.0,62.0,1342.0,806.0,7.7,66.4,0.699,1080453600,2004-03-28 06:00:00
1.4,995.0,72.0,3.6,691.0,91.0,1219.0,69.0,1321.0,836.0,7.4,68.0,0.7043,1080457200,2004-03-28 07:00:00
1.3,1024.0,91.0,4.7,747.0,105.0,1136.0,75.0,1382.0,897.0,9.7,58.6,0.7035,1080460800,2004-03-28 08:00:00
1.9,1163.0,127.0,7.5,880.0,133.0,959.0,83.0,1486.0,1073.0,12.5,50.1,0.7242,1080464400,2004-03-28 09:00:00
2.3,1218.0,193.0,9.0,938.0,128.0,918.0,94.0,1501.0,1088.0,16.8,36.9,0.7018,1080468000,2004-03-28 10:00:00
2.3,1210.0,188.0,9.5,958.0,126.0,933.0,96.0,1514.0,1036.0,19.2,31.3,0.6887,1080471600,2004-03-28 11:00:00
1.8,1114.0,151.0,7.7,887.0,92.0,1020.0,86.0,1438.0,768.0,21.3,26.4,0.6607,1080475200,2004-03-28 12:00:00
1.4,995.0,103.0,5.7,796.0,66.0,1159.0,72.0,1287.0,587.0,21.2,23.1,0.5768,1080478800,2004-03-28 13:00:00
1.0,927.0,55.0,3.8,700.0,50.0,1285.0,53.0,1189.0,452.0,18.6,25.0,0.5319,1080482400,2004-03-28 14:00:00
1.4,1002.0,104.0,4.8,754.0,70.0,1189.0,65.0,1260.0,470.0,18.0,27.3,0.5594,1080486000,2004-03-28 15:00:00
1.3,987.0,116.0,4.3,727.0,73.0,1213.0,70.0,1244.0,502.0,18.2,28.3,0.5848,1080489600,2004-03-28 16:00:00
1.3,993.0,93.0,4.1,714.0,77.0,1217.0,75.0,1238.0,516.0,17.0,31.4,0.6048,1080493200,2004-03-28 17:00:00
1.4,1012.0,93.0,4.7,746.0,86.0,1174.0,86.0,1301.0,555.0,15.6,35.0,0.617,1080496800,2004-03-28 18:00:00
1.9,1114.0,155.0,6.2,823.0,93.0,1068.0,94.0,1357.0,671.0,14.1,40.2,0.6438,1080500400,2004-03-28 19:00:00
1.8,1093.0,115.0,5.5,789.0,105.0,1102.0,103.0,1329.0,788.0,13.4,43.2,0.6623,1080504000,2004-03-28 20:00:00
1.1,968.0,75.0,3.3,669.0,67.0,1261.0,81.0,1246.0,538.0,12.3,46.8,0.6686,1080507600,2004-03-28 21:00:00
1.1,960.0,65.0,3.2,666.0,63.0,1266.0,80.0,1224.0,544.0,11.9,46.5,0.6449,1080511200,2004-03-28 22:00:00
1.1,942.0,57.0,2.9,648.0,63.0,1300.0,77.0,1204.0,500.0,11.5,46.6,0.6319,1080514800,2004-03-28 23:00:00
0.9,888.0,40.0,2.2,598.0,46.0,1396.0,58.0,1156.0,417.0,10.6,48.0,0.6135,1080518400,2004-03-29 00:00:00
0.6,818.0,27.0,1.3,524.0,21.0,1588.0,31.0,1071.0,341.0,10.7,45.8,0.5895,1080522000,2004-03-29 01:00:00
0.5,840.0,23.0,1.1,509.0,22.0,1643.0,38.0,1076.0,352.0,10.4,46.6,0.5901,1080525600,2004-03-29 02:00:00
0.6,864.0,21.0,1.2,516.0,39.0,1496.0,59.0,1153.0,502.0,11.3,46.9,0.628,1080532800,2004-03-29 04:00:00
0.7,898.0,33.0,1.7,559.0,55.0,1441.0,70.0,1180.0,648.0,10.1,51.2,0.6341,1080536400,2004-03-29 05:00:00
0.9,946.0,40.0,2.9,643.0,76.0,1309.0,75.0,1232.0,760.0,9.9,50.7,0.6167,1080540000,2004-03-29 06:00:00
2.9,1309.0,279.0,14.3,1125.0,181.0,844.0,103.0,1687.0,1183.0,8.1,56.8,0.615,1080543600,2004-03-29 07:00:00
4.1,1326.0,743.0,19.7,1289.0,259.0,714.0,134.0,1806.0,1431.0,10.9,44.1,0.5748,1080547200,2004-03-29 08:00:00
1.5,966.0,147.0,5.5,786.0,118.0,1111.0,98.0,1258.0,705.0,11.8,37.6,0.5184,1080550800,2004-03-29 09:00:00
1.5,975.0,97.0,5.6,793.0,119.0,1133.0,97.0,1254.0,637.0,13.9,33.2,0.5222,1080554400,2004-03-29 10:00:00
1.5,988.0,118.0,5.8,803.0,123.0,1105.0,98.0,1293.0,658.0,15.6,30.1,0.5285,1080558000,2004-03-29 11:00:00
1.4,971.0,91.0,5.5,786.0,92.0,1129.0,78.0,1272.0,546.0,16.5,29.0,0.5406,1080561600,2004-03-29 12:00:00
1.6,1010.0,146.0,6.5,833.0,91.0,1070.0,83.0,1332.0,561.0,17.5,27.9,0.5517,1080565200,2004-03-29 13:00:00
1.5,984.0,139.0,5.5,790.0,103.0,1131.0,92.0,1268.0,532.0,17.9,26.8,0.5446,1080568800,2004-03-29 14:00:00
1.4,962.0,155.0,5.2,776.0,102.0,1131.0,81.0,1247.0,535.0,18.2,26.1,0.5387,1080572400,2004-03-29 15:00:00
1.5,1012.0,128.0,5.8,801.0,94.0,1098.0,90.0,1289.0,525.0,18.0,27.1,0.5522,1080576000,2004-03-29 16:00:00
1.9,1058.0,166.0,7.9,896.0,98.0,996.0,95.0,1358.0,603.0,17.0,28.9,0.5558,1080579600,2004-03-29 17:00:00
2.5,1173.0,299.0,10.2,985.0,126.0,905.0,114.0,1477.0,802.0,16.1,31.3,0.568,1080583200,2004-03-29 18:00:00
2.1,1127.0,163.0,8.2,907.0,108.0,957.0,106.0,1404.0,796.0,14.5,35.4,0.5839,1080586800,2004-03-29 19:00:00
1.6,1020.0,154.0,5.7,797.0,95.0,1066.0,99.0,1302.0,689.0,13.2,37.9,0.5733,1080590400,2004-03-29 20:00:00
1.2,949.0,80.0,3.8,700.0,78.0,1221.0,90.0,1178.0,553.0,13.1,34.4,0.517,1080594000,2004-03-29 21:00:00
1.1,930.0,58.0,4.0,710.0,61.0,1278.0,82.0,1137.0,509.0,13.5,28.5,0.4405,1080597600,2004-03-29 22:00:00
1.0,900.0,55.0,2.8,643.0,55.0,1339.0,74.0,1089.0,455.0,12.4,31.9,0.4583,1080601200,2004-03-29 23:00:00
1.0,899.0,33.0,2.6,630.0,57.0,1418.0,76.0,1050.0,425.0,13.1,26.8,0.4023,1080604800,2004-03-30 00:00:00
0.7,866.0,33.0,1.8,569.0,41.0,1468.0,66.0,1055.0,436.0,11.6,33.6,0.4595,1080608400,2004-03-30 01:00:00
0.7,900.0,32.0,1.7,563.0,46.0,1402.0,73.0,1130.0,618.0,10.5,42.9,0.5442,1080612000,2004-03-30 02:00:00
0.7,956.0,26.0,2.3,605.0,52.0,1341.0,71.0,1117.0,691.0,12.9,33.9,0.5037,1080622800,2004-03-30 05:00:00
1.1,1054.0,86.0,5.3,779.0,111.0,1080.0,98.0,1266.0,1013.0,11.3,40.3,0.5376,1080626400,2004-03-30 06:00:00
2.6,1343.0,294.0,13.4,1096.0,191.0,839.0,115.0,1587.0,1311.0,11.9,38.4,0.5341,1080630000,2004-03-30 07:00:00
4.0,1584.0,664.0,23.8,1399.0,244.0,642.0,130.0,1947.0,1675.0,13.3,35.6,0.5416,1080633600,2004-03-30 08:00:00
4.2,1556.0,695.0,21.5,1337.0,283.0,674.0,150.0,1852.0,1689.0,16.3,28.8,0.5305,1080637200,2004-03-30 09:00:00
4.7,1565.0,735.0,21.0,1324.0,320.0,695.0,159.0,1872.0,1688.0,17.9,28.2,0.5741,1080640800,2004-03-30 10:00:00
3.9,1429.0,649.0,18.4,1251.0,249.0,734.0,146.0,1754.0,1548.0,18.3,26.6,0.5529,1080644400,2004-03-30 11:00:00
3.7,1419.0,586.0,18.9,1267.0,219.0,742.0,138.0,1763.0,1490.0,20.8,22.5,0.5463,1080648000,2004-03-30 12:00:00
3.4,1373.0,546.0,17.1,1213.0,200.0,791.0,128.0,1711.0,1354.0,22.4,20.0,0.5352,1080651600,2004-03-30 13:00:00
2.2,1185.0,245.0,10.4,992.0,138.0,942.0,97.0,1448.0,1014.0,20.9,21.7,0.5295,1080655200,2004-03-30 14:00:00
1.9,1122.0,178.0,8.0,897.0,118.0,991.0,91.0,1372.0,831.0,19.1,26.5,0.579,1080658800,2004-03-30 15:00:00
1.6,1085.0,130.0,6.2,820.0,99.0,1060.0,81.0,1325.0,699.0,18.1,30.6,0.6295,1080662400,2004-03-30 16:00:00
2.1,1249.0,151.0,9.7,968.0,112.0,874.0,99.0,1527.0,926.0,17.3,34.7,0.6788,1080666000,2004-03-30 17:00:00
2.2,1236.0,272.0,9.6,962.0,117.0,853.0,101.0,1532.0,928.0,15.8,40.4,0.7228,1080669600,2004-03-30 18:00:00
2.7,1334.0,301.0,11.9,1047.0,129.0,815.0,106.0,1638.0,1038.0,15.9,42.0,0.7541,1080673200,2004-03-30 19:00:00
2.4,1264.0,237.0,8.7,928.0,132.0,884.0,102.0,1534.0,1035.0,15.9,43.5,0.779,1080676800,2004-03-30 20:00:00
1.3,1073.0,95.0,4.7,746.0,73.0,1072.0,84.0,1360.0,789.0,15.0,46.1,0.7833,1080680400,2004-03-30 21:00:00
1.2,1053.0,68.0,3.8,701.0,68.0,1147.0,81.0,1323.0,692.0,15.1,44.6,0.7574,1080684000,2004-03-30 22:00:00
1.5,1098.0,101.0,4.7,747.0,80.0,1094.0,91.0,1360.0,764.0,14.9,43.5,0.7302,1080687600,2004-03-30 23:00:00
1.3,1029.0,81.0,3.8,702.0,68.0,1180.0,82.0,1287.0,639.0,14.8,41.0,0.685,1080691200,2004-03-31 00:00:00
1.0,973.0,50.0,2.7,631.0,44.0,1287.0,64.0,1240.0,541.0,14.8,40.8,0.6814,1080694800,2004-03-31 01:00:00
0.9,972.0,66.0,2.8,639.0,47.0,1222.0,70.0,1256.0,678.0,14.8,40.8,0.6834,1080698400,2004-03-31 02:00:00
0.5,851.0,18.0,0.8,477.0,15.0,1699.0,26.0,1064.0,343.0,14.5,36.1,0.5928,1080705600,2004-03-31 04:00:00
0.6,909.0,31.0,1.5,545.0,44.0,1473.0,58.0,1131.0,436.0,14.6,36.0,0.5947,1080709200,2004-03-31 05:00:00
1.0,1038.0,57.0,3.5,684.0,85.0,1220.0,93.0,1279.0,688.0,14.4,38.5,0.6291,1080712800,2004-03-31 06:00:00
3.1,1636.0,342.0,15.6,1168.0,207.0,721.0,110.0,1926.0,1438.0,13.8,58.2,0.9129,1080716400,2004-03-31 07:00:00
4.1,1580.0,644.0,19.9,1295.0,230.0,639.0,115.0,1957.0,1489.0,13.2,61.1,0.9256,1080720000,2004-03-31 08:00:00
2.2,1262.0,216.0,8.6,924.0,181.0,872.0,125.0,1576.0,1093.0,10.4,74.4,0.9384,1080723600,2004-03-31 09:00:00
1.7,1197.0,117.0,6.5,837.0,144.0,957.0,118.0,1498.0,965.0,11.5,71.0,0.9582,1080727200,2004-03-31 10:00:00
1.9,1277.0,156.0,7.7,886.0,140.0,902.0,109.0,1579.0,1004.0,12.2,70.0,0.9924,1080730800,2004-03-31 11:00:00
2.9,1430.0,332.0,11.3,1025.0,204.0,779.0,123.0,1772.0,1166.0,12.3,73.3,1.0442,1080734400,2004-03-31 12:00:00
2.2,1242.0,232.0,9.1,944.0,149.0,846.0,114.0,1638.0,991.0,11.3,78.1,1.0411,1080738000,2004-03-31 13:00:00
2.6,1349.0,295.0,11.2,1023.0,171.0,804.0,114.0,1748.0,1054.0,13.6,69.2,1.0746,1080741600,2004-03-31 14:00:00
3.1,1390.0,386.0,13.5,1100.0,195.0,755.0,119.0,1799.0,1192.0,14.9,59.3,0.9974,1080745200,2004-03-31 15:00:00
2.3,1224.0,278.0,10.1,980.0,152.0,850.0,111.0,1637.0,1055.0,15.7,50.9,0.8997,1080748800,2004-03-31 16:00:00
2.4,1253.0,263.0,11.3,1026.0,128.0,810.0,103.0,1681.0,1048.0,15.2,52.9,0.9087,1080752400,2004-03-31 17:00:00
2.8,1312.0,322.0,11.8,1041.0,121.0,821.0,103.0,1712.0,1073.0,15.5,50.8,0.8881,1080756000,2004-03-31 18:00:00
2.7,1254.0,226.0,11.5,1033.0,142.0,819.0,107.0,1669.0,1068.0,14.3,52.9,0.8581,1080759600,2004-03-31 19:00:00
2.3,1198.0,221.0,9.3,953.0,131.0,882.0,105.0,1588.0,1019.0,13.2,56.0,0.8446,1080763200,2004-03-31 20:00:00
1.5,1060.0,109.0,5.5,787.0,81.0,1044.0,91.0,1418.0,833.0,12.6,57.0,0.8315,1080766800,2004-03-31 21:00:00
1.4,1050.0,105.0,5.1,769.0,60.0,1078.0,79.0,1409.0,759.0,12.3,57.8,0.8224,1080770400,2004-03-31 22:00:00
1.2,1029.0,84.0,4.8,754.0,57.0,1098.0,79.0,1395.0,749.0,12.0,58.4,0.8164,1080774000,2004-03-31 23:00:00
1.6,1143.0,106.0,6.3,825.0,96.0,986.0,86.0,1477.0,978.0,12.0,61.6,0.8593,1080777600,2004-04-01 00:00:00
1.2,1044.0,100.0,5.1,770.0,85.0,1031.0,70.0,1425.0,944.0,11.5,63.9,0.8652,1080781200,2004-04-01 01:00:00
1.1,1034.0,71.0,4.1,716.0,50.0,1085.0,55.0,1405.0,891.0,10.7,67.2,0.863,1080784800,2004-04-01 02:00:00
0.7,909.0,44.0,2.4,615.0,57.0,1237.0,49.0,1322.0,790.0,10.2,66.6,0.8299,1080792000,2004-04-01 04:00:00
0.9,996.0,45.0,2.9,648.0,64.0,1176.0,50.0,1340.0,852.0,11.0,63.7,0.8325,1080795600,2004-04-01 05:00:00
1.7,1154.0,134.0,7.4,876.0,153.0,1002.0,67.0,1561.0,987.0,9.6,68.8,0.8243,1080799200,2004-04-01 06:00:00
4.2,1510.0,505.0,19.8,1291.0,342.0,675.0,94.0,1949.0,1435.0,9.5,69.6,0.8273,1080802800,2004-04-01 07:00:00
4.6,1512.0,737.0,21.0,1323.0,304.0,631.0,139.0,2001.0,1677.0,16.2,48.6,0.8892,1080810000,2004-04-01 09:00:00
2.8,1258.0,375.0,11.7,1040.0,192.0,800.0,113.0,1701.0,1282.0,19.2,39.6,0.8693,1080813600,2004-04-01 10:00:00
1.6,1094.0,124.0,6.8,850.0,130.0,970.0,88.0,1489.0,871.0,19.7,38.4,0.8743,1080817200,2004-04-01 11:00:00
1.7,1129.0,137.0,7.4,875.0,106.0,974.0,73.0,1524.0,759.0,20.6,36.7,0.8797,1080820800,2004-04-01 12:00:00
1.7,1125.0,179.0,8.6,924.0,102.0,937.0,73.0,1542.0,790.0,21.8,33.9,0.8771,1080824400,2004-04-01 13:00:00
3.3,1308.0,388.0,16.4,1193.0,163.0,793.0,106.0,1193.0,1187.0,23.6,27.5,0.7913,1080838800,2004-04-01 17:00:00
4.2,1529.0,589.0,21.2,1331.0,211.0,700.0,132.0,2028.0,1399.0,22.8,32.1,0.8814,1080842400,2004-04-01 18:00:00
4.9,1536.0,655.0,20.2,1302.0,269.0,666.0,161.0,1922.0,1599.0,18.3,40.9,0.8493,1080849600,2004-04-01 20:00:00
2.5,1192.0,254.0,10.8,1007.0,154.0,827.0,124.0,1604.0,1223.0,16.8,44.0,0.8341,1080853200,2004-04-01 21:00:00
2.0,1186.0,188.0,9.9,976.0,127.0,844.0,113.0,1570.0,1200.0,15.8,48.0,0.8569,1080856800,2004-04-01 22:00:00
2.0,1203.0,120.0,8.5,920.0,122.0,898.0,103.0,1529.0,1118.0,14.9,52.0,0.8757,1080860400,2004-04-01 23:00:00
2.0,1139.0,157.0,8.0,899.0,126.0,921.0,104.0,1514.0,1067.0,14.1,54.4,0.8701,1080864000,2004-04-02 00:00:00
1.3,1072.0,88.0,5.6,795.0,84.0,986.0,93.0,1442.0,1048.0,13.3,58.8,0.8922,1080867600,2004-04-02 01:00:00
1.0,954.0,68.0,3.2,667.0,58.0,1180.0,60.0,1350.0,718.0,13.3,60.9,0.9229,1080871200,2004-04-02 02:00:00
0.7,968.0,51.0,2.6,628.0,56.0,1197.0,66.0,1372.0,737.0,11.3,72.9,0.9738,1080882000,2004-04-02 05:00:00
1.1,1067.0,93.0,4.3,727.0,91.0,1055.0,82.0,1448.0,903.0,11.4,71.8,0.9671,1080885600,2004-04-02 06:00:00
2.6,1386.0,284.0,13.0,1083.0,159.0,798.0,109.0,1833.0,1159.0,11.9,73.7,1.0254,1080889200,2004-04-02 07:00:00
3.9,1474.0,486.0,20.3,1306.0,190.0,634.0,114.0,2060.0,1365.0,12.6,70.2,1.0221,1080892800,2004-04-02 08:00:00
5.0,1569.0,798.0,20.7,1316.0,249.0,634.0,139.0,2054.0,1510.0,13.6,65.3,1.0136,1080896400,2004-04-02 09:00:00
3.3,1375.0,524.0,15.9,1177.0,196.0,706.0,127.0,1898.0,1386.0,16.9,52.3,1.0013,1080900000,2004-04-02 10:00:00
2.9,1328.0,468.0,14.2,1123.0,180.0,738.0,127.0,1821.0,1368.0,19.4,44.1,0.9855,1080903600,2004-04-02 11:00:00
3.1,1341.0,454.0,15.9,1176.0,167.0,748.0,135.0,1825.0,1347.0,22.9,33.8,0.9322,1080907200,2004-04-02 12:00:00
3.0,1297.0,461.0,16.1,1183.0,159.0,765.0,130.0,1773.0,1242.0,23.6,31.3,0.9001,1080910800,2004-04-02 13:00:00
2.7,1303.0,391.0,14.7,1139.0,152.0,790.0,126.0,1761.0,1138.0,24.7,30.5,0.9371,1080914400,2004-04-02 14:00:00
2.7,1281.0,337.0,14.0,1116.0,149.0,809.0,121.0,1703.0,1080.0,26.1,27.3,0.9101,1080918000,2004-04-02 15:00:00
2.6,1248.0,297.0,13.6,1103.0,143.0,872.0,122.0,1632.0,1002.0,27.6,22.8,0.8288,1080921600,2004-04-02 16:00:00
3.7,1382.0,588.0,19.7,1288.0,185.0,778.0,138.0,1799.0,1212.0,26.9,22.3,0.7792,1080925200,2004-04-02 17:00:00
4.5,1491.0,721.0,23.3,1385.0,223.0,685.0,165.0,1915.0,1486.0,24.3,30.1,0.9012,1080928800,2004-04-02 18:00:00
4.7,1620.0,710.0,24.1,1407.0,215.0,641.0,154.0,2052.0,1567.0,21.2,40.1,0.9978,1080932400,2004-04-02 19:00:00
5.5,1693.0,787.0,25.4,1439.0,271.0,618.0,168.0,2083.0,1723.0,19.4,42.5,0.9483,1080936000,2004-04-02 20:00:00
3.0,1374.0,415.0,14.1,1121.0,180.0,771.0,146.0,1685.0,1399.0,18.5,43.0,0.9074,1080939600,2004-04-02 21:00:00
1.9,1287.0,245.0,10.1,982.0,115.0,841.0,124.0,1582.0,1291.0,17.8,47.0,0.9467,1080943200,2004-04-02 22:00:00
2.3,1408.0,294.0,12.1,1052.0,149.0,761.0,124.0,1684.0,1443.0,16.8,53.2,1.01,1080946800,2004-04-02 23:00:00
1.6,1254.0,139.0,9.0,941.0,98.0,828.0,106.0,1566.0,1270.0,17.1,51.8,0.999,1080950400,2004-04-03 00:00:00
1.3,1141.0,98.0,6.3,827.0,73.0,936.0,88.0,1488.0,1110.0,16.2,54.2,0.9933,1080954000,2004-04-03 01:00:00
1.2,1141.0,88.0,5.3,777.0,69.0,986.0,83.0,1455.0,1060.0,15.1,58.2,0.9886,1080957600,2004-04-03 02:00:00
0.8,986.0,57.0,3.0,651.0,60.0,1145.0,74.0,1380.0,891.0,14.5,58.0,0.9488,1080964800,2004-04-03 04:00:00
0.8,1005.0,57.0,3.3,673.0,56.0,1103.0,64.0,1387.0,905.0,13.7,61.6,0.9631,1080968400,2004-04-03 05:00:00
0.9,1041.0,60.0,3.5,683.0,73.0,1112.0,69.0,1398.0,899.0,13.9,59.6,0.9408,1080972000,2004-04-03 06:00:00
2.0,1272.0,200.0,9.5,959.0,159.0,846.0,91.0,1660.0,1136.0,13.3,61.7,0.9399,1080975600,2004-04-03 07:00:00
3.0,1436.0,451.0,15.2,1154.0,203.0,704.0,96.0,1872.0,1391.0,15.1,55.8,0.9486,1080979200,2004-04-03 08:00:00
3.1,1472.0,422.0,14.3,1126.0,211.0,720.0,106.0,1816.0,1460.0,17.0,50.5,0.9684,1080982800,2004-04-03 09:00:00
3.1,1461.0,424.0,14.3,1127.0,236.0,703.0,124.0,1836.0,1451.0,15.6,57.4,1.0075,1081159200,2004-04-05 10:00:00
3.0,1430.0,339.0,13.7,1107.0,228.0,713.0,121.0,1853.0,1409.0,16.6,55.2,1.0382,1081162800,2004-04-05 11:00:00
3.2,1498.0,445.0,15.7,1171.0,206.0,684.0,114.0,1942.0,1434.0,17.0,54.3,1.0434,1081166400,2004-04-05 12:00:00
3.1,1454.0,535.0,15.4,1162.0,188.0,682.0,114.0,1915.0,1457.0,18.0,51.5,1.0552,1081170000,2004-04-05 13:00:00
2.5,1402.0,278.0,12.6,1069.0,158.0,733.0,106.0,1793.0,1325.0,19.5,47.5,1.0653,1081173600,2004-04-05 14:00:00
2.1,1327.0,256.0,9.8,971.0,124.0,803.0,89.0,1705.0,1120.0,21.6,41.7,1.0606,1081177200,2004-04-05 15:00:00
2.0,1273.0,245.0,9.6,963.0,98.0,832.0,82.0,1662.0,931.0,22.2,38.3,1.0106,1081180800,2004-04-05 16:00:00
3.2,1457.0,458.0,16.3,1190.0,160.0,678.0,111.0,1877.0,1212.0,20.3,42.8,1.0053,1081184400,2004-04-05 17:00:00
4.1,1543.0,710.0,19.8,1290.0,194.0,631.0,132.0,2011.0,1353.0,19.7,45.4,1.0312,1081188000,2004-04-05 18:00:00
3.9,1499.0,678.0,18.0,1239.0,174.0,651.0,121.0,1957.0,1359.0,18.8,47.5,1.0199,1081191600,2004-04-05 19:00:00
3.1,1378.0,436.0,13.6,1102.0,157.0,742.0,116.0,1796.0,1273.0,17.9,49.4,1.0064,1081195200,2004-04-05 20:00:00
2.0,1243.0,178.0,8.7,928.0,109.0,852.0,100.0,1622.0,1079.0,17.5,50.9,1.009,1081198800,2004-04-05 21:00:00
1.7,1196.0,160.0,7.7,885.0,85.0,884.0,89.0,1589.0,973.0,17.4,51.8,1.023,1081202400,2004-04-05 22:00:00
1.6,1137.0,177.0,7.3,869.0,90.0,890.0,92.0,1554.0,951.0,17.0,53.9,1.0363,1081206000,2004-04-05 23:00:00
1.0,1015.0,101.0,4.1,718.0,61.0,1065.0,71.0,1428.0,714.0,16.6,55.4,1.0408,1081209600,2004-04-06 00:00:00
0.8,978.0,66.0,2.7,635.0,36.0,1188.0,51.0,1382.0,579.0,15.9,57.0,1.0224,1081213200,2004-04-06 01:00:00
0.5,933.0,40.0,1.5,547.0,25.0,1357.0,39.0,1336.0,542.0,15.0,59.2,1.0059,1081216800,2004-04-06 02:00:00
0.5,908.0,39.0,1.8,569.0,24.0,1303.0,35.0,1360.0,526.0,14.1,61.6,0.9883,1081224000,2004-04-06 04:00:00
0.8,980.0,62.0,3.4,677.0,73.0,1141.0,64.0,1435.0,659.0,14.6,58.8,0.9711,1081227600,2004-04-06 05:00:00
1.7,1236.0,120.0,8.5,920.0,164.0,880.0,94.0,1641.0,1012.0,14.4,58.9,0.9594,1081231200,2004-04-06 06:00:00
4.5,1664.0,599.0,24.1,1407.0,329.0,594.0,134.0,2198.0,1564.0,15.3,55.2,0.9538,1081234800,2004-04-06 07:00:00
4.4,1524.0,776.0,22.0,1350.0,256.0,588.0,125.0,2096.0,1604.0,18.4,46.3,0.9734,1081242000,2004-04-06 09:00:00
2.9,1329.0,470.0,14.1,1119.0,182.0,707.0,107.0,1823.0,1288.0,19.6,41.8,0.9407,1081245600,2004-04-06 10:00:00
1.6,1167.0,169.0,7.6,884.0,105.0,881.0,78.0,1580.0,931.0,20.2,40.1,0.937,1081249200,2004-04-06 11:00:00
2.6,1369.0,304.0,14.5,1132.0,136.0,715.0,91.0,1818.0,1162.0,20.9,36.6,0.8939,1081252800,2004-04-06 12:00:00
2.9,1284.0,405.0,13.6,1103.0,167.0,755.0,116.0,1704.0,1064.0,20.4,34.7,0.8229,1081256400,2004-04-06 13:00:00
2.5,1221.0,297.0,11.5,1032.0,166.0,811.0,131.0,1630.0,913.0,19.3,35.4,0.7813,1081260000,2004-04-06 14:00:00
1.9,1096.0,220.0,9.2,947.0,115.0,872.0,113.0,1519.0,684.0,18.6,36.9,0.7829,1081263600,2004-04-06 15:00:00
1.9,1143.0,226.0,10.3,988.0,109.0,849.0,98.0,1590.0,710.0,18.8,36.8,0.7883,1081267200,2004-04-06 16:00:00
2.7,1251.0,456.0,14.0,1116.0,143.0,760.0,116.0,1716.0,923.0,17.5,40.6,0.8068,1081270800,2004-04-06 17:00:00
3.0,1268.0,470.0,15.0,1148.0,159.0,728.0,120.0,1776.0,1006.0,16.8,44.3,0.8428,1081274400,2004-04-06 18:00:00
3.3,1314.0,503.0,15.1,1150.0,181.0,726.0,126.0,1784.0,1083.0,16.3,47.7,0.8746,1081278000,2004-04-06 19:00:00
3.2,1315.0,459.0,14.8,1142.0,178.0,724.0,126.0,1807.0,1161.0,15.6,50.7,0.8947,1081281600,2004-04-06 20:00:00
1.8,1095.0,227.0,8.5,918.0,91.0,896.0,90.0,1527.0,800.0,15.7,49.4,0.8768,1081285200,2004-04-06 21:00:00
1.3,1027.0,152.0,5.9,808.0,76.0,996.0,81.0,1458.0,647.0,15.8,48.6,0.8653,1081288800,2004-04-06 22:00:00
1.1,1012.0,94.0,4.8,752.0,66.0,1053.0,74.0,1393.0,649.0,15.7,47.0,0.8325,1081292400,2004-04-06 23:00:00
0.9,948.0,93.0,4.0,710.0,56.0,1127.0,67.0,1352.0,575.0,15.7,45.9,0.8121,1081296000,2004-04-07 00:00:00
0.7,889.0,49.0,2.3,603.0,35.0,1308.0,46.0,1271.0,455.0,15.6,44.9,0.792,1081299600,2004-04-07 01:00:00
0.4,830.0,30.0,1.4,538.0,21.0,1475.0,30.0,1214.0,392.0,15.6,44.4,0.7827,1081303200,2004-04-07 02:00:00
0.3,824.0,32.0,0.8,478.0,22.0,1705.0,32.0,1200.0,331.0,15.3,50.1,0.8617,1081314000,2004-04-07 05:00:00
0.8,1000.0,59.0,3.6,688.0,55.0,1257.0,61.0,1398.0,426.0,14.2,58.6,0.9443,1081317600,2004-04-07 06:00:00
2.8,1307.0,277.0,12.9,1082.0,152.0,777.0,111.0,1769.0,830.0,14.3,58.2,0.9431,1081321200,2004-04-07 07:00:00
3.1,1286.0,454.0,15.7,1171.0,153.0,716.0,102.0,1821.0,1006.0,15.0,52.0,0.8817,1081324800,2004-04-07 08:00:00
2.3,1150.0,211.0,8.6,925.0,152.0,865.0,116.0,1576.0,820.0,13.6,61.4,0.9519,1081328400,2004-04-07 09:00:00
1.6,1087.0,196.0,7.4,876.0,112.0,911.0,96.0,1554.0,737.0,16.1,53.1,0.9675,1081332000,2004-04-07 10:00:00
1.5,1016.0,110.0,6.6,839.0,119.0,991.0,97.0,1448.0,790.0,16.6,44.3,0.8294,1081335600,2004-04-07 11:00:00
1.6,1029.0,164.0,7.8,892.0,122.0,937.0,110.0,1474.0,760.0,17.4,40.3,0.7922,1081339200,2004-04-07 12:00:00
1.8,1109.0,151.0,9.1,943.0,115.0,883.0,103.0,1604.0,767.0,18.1,42.2,0.8679,1081342800,2004-04-07 13:00:00
1.4,997.0,112.0,6.1,817.0,84.0,1030.0,79.0,1426.0,626.0,14.4,51.8,0.8433,1081346400,2004-04-07 14:00:00
1.9,1177.0,117.0,7.5,880.0,146.0,927.0,104.0,1552.0,776.0,10.9,76.4,0.9953,1081350000,2004-04-07 15:00:00
1.2,1045.0,120.0,5.9,808.0,65.0,1038.0,69.0,1421.0,589.0,16.4,47.7,0.8819,1081353600,2004-04-07 16:00:00
2.3,1171.0,251.0,12.7,1073.0,120.0,847.0,96.0,1623.0,872.0,18.0,37.1,0.7598,1081357200,2004-04-07 17:00:00
3.3,1221.0,435.0,13.5,1101.0,185.0,799.0,121.0,1700.0,996.0,14.7,48.7,0.8089,1081360800,2004-04-07 18:00:00
3.1,1262.0,345.0,14.5,1133.0,157.0,774.0,129.0,1748.0,1033.0,11.3,71.3,0.9514,1081364400,2004-04-07 19:00:00
3.3,1207.0,343.0,11.0,1013.0,174.0,876.0,116.0,1632.0,982.0,10.0,74.0,0.9087,1081368000,2004-04-07 20:00:00
1.2,956.0,62.0,3.2,666.0,62.0,1235.0,71.0,1282.0,518.0,9.8,71.8,0.8702,1081371600,2004-04-07 21:00:00
1.3,1020.0,70.0,4.3,727.0,81.0,1153.0,85.0,1391.0,631.0,9.3,75.2,0.8796,1081375200,2004-04-07 22:00:00
1.9,1107.0,114.0,7.1,861.0,118.0,957.0,101.0,1510.0,879.0,9.6,76.0,0.9088,1081378800,2004-04-07 23:00:00
1.4,1020.0,88.0,4.8,752.0,95.0,1074.0,97.0,1398.0,839.0,9.3,75.0,0.8799,1081382400,2004-04-08 00:00:00
1.5,1051.0,95.0,5.7,798.0,84.0,1016.0,89.0,1455.0,876.0,9.0,76.7,0.8825,1081386000,2004-04-08 01:00:00
1.1,965.0,83.0,4.1,716.0,56.0,1087.0,72.0,1383.0,827.0,8.2,79.6,0.8672,1081389600,2004-04-08 02:00:00
0.8,869.0,68.0,2.8,642.0,69.0,1291.0,62.0,1288.0,723.0,8.1,72.1,0.7798,1081400400,2004-04-08 05:00:00
1.1,939.0,59.0,4.8,754.0,74.0,1169.0,64.0,1384.0,797.0,8.1,70.4,0.7609,1081404000,2004-04-08 06:00:00
2.6,1274.0,226.0,13.8,1109.0,161.0,820.0,80.0,1723.0,1138.0,8.1,70.5,0.7627,1081407600,2004-04-08 07:00:00
5.1,1512.0,802.0,27.1,1482.0,308.0,596.0,118.0,2189.0,1605.0,9.9,64.3,0.7859,1081411200,2004-04-08 08:00:00
4.2,1435.0,585.0,19.1,1271.0,300.0,676.0,130.0,1885.0,1569.0,13.0,54.2,0.809,1081414800,2004-04-08 09:00:00
2.6,1207.0,324.0,11.7,1041.0,189.0,813.0,113.0,1620.0,1319.0,16.5,42.6,0.7912,1081418400,2004-04-08 10:00:00
2.4,1223.0,308.0,12.7,1075.0,164.0,818.0,112.0,1678.0,1198.0,19.3,34.2,0.7566,1081422000,2004-04-08 11:00:00
2.1,1121.0,238.0,11.3,1026.0,122.0,865.0,96.0,1541.0,958.0,21.5,27.4,0.6941,1081425600,2004-04-08 12:00:00
2.6,1176.0,301.0,14.2,1123.0,166.0,816.0,125.0,1609.0,1068.0,20.4,26.7,0.6323,1081429200,2004-04-08 13:00:00
2.8,1144.0,294.0,13.9,1114.0,181.0,845.0,128.0,1551.0,1010.0,20.6,22.6,0.5432,1081432800,2004-04-08 14:00:00
2.5,1136.0,353.0,13.2,1089.0,127.0,856.0,101.0,1552.0,928.0,20.6,24.8,0.5931,1081436400,2004-04-08 15:00:00
1.9,1085.0,209.0,10.7,1004.0,106.0,888.0,95.0,1454.0,816.0,21.0,25.4,0.6264,1081440000,2004-04-08 16:00:00
3.6,1297.0,538.0,19.7,1287.0,192.0,723.0,138.0,1798.0,1216.0,21.5,24.5,0.6203,1081443600,2004-04-08 17:00:00
4.6,1408.0,808.0,24.0,1404.0,241.0,646.0,154.0,1972.0,1463.0,19.3,28.6,0.6357,1081447200,2004-04-08 18:00:00
4.3,1319.0,544.0,15.8,1172.0,232.0,746.0,136.0,1699.0,1425.0,15.8,39.8,0.7096,1081454400,2004-04-08 20:00:00
1.6,1045.0,138.0,7.0,857.0,92.0,968.0,93.0,1410.0,922.0,15.3,41.5,0.7194,1081458000,2004-04-08 21:00:00
1.4,1058.0,92.0,6.3,824.0,95.0,993.0,99.0,1411.0,971.0,14.1,46.0,0.7363,1081461600,2004-04-08 22:00:00
2.3,1176.0,169.0,8.4,917.0,157.0,866.0,95.0,1560.0,1151.0,12.0,67.9,0.9523,1081551600,2004-04-09 23:00:00
1.3,1047.0,77.0,5.4,783.0,83.0,1014.0,79.0,1449.0,975.0,12.0,66.9,0.9336,1081555200,2004-04-10 00:00:00
1.7,1116.0,98.0,6.9,854.0,118.0,929.0,78.0,1533.0,1034.0,11.5,70.1,0.9503,1081558800,2004-04-10 01:00:00
1.7,1074.0,102.0,6.4,832.0,101.0,951.0,75.0,1507.0,980.0,11.4,69.8,0.939,1081562400,2004-04-10 02:00:00
0.8,898.0,69.0,3.3,669.0,46.0,1163.0,52.0,1386.0,807.0,10.8,70.3,0.9092,1081569600,2004-04-10 04:00:00
1.0,970.0,89.0,4.0,708.0,81.0,1121.0,55.0,1435.0,842.0,10.2,73.4,0.9129,1081573200,2004-04-10 05:00:00
1.4,1073.0,134.0,6.0,812.0,112.0,988.0,65.0,1500.0,950.0,10.8,70.5,0.9142,1081576800,2004-04-10 06:00:00
1.7,1081.0,157.0,8.2,906.0,150.0,895.0,72.0,1591.0,1024.0,11.0,71.0,0.9279,1081580400,2004-04-10 07:00:00
2.0,1159.0,167.0,9.9,976.0,138.0,837.0,76.0,1663.0,1098.0,12.4,64.0,0.9206,1081584000,2004-04-10 08:00:00
2.0,1112.0,157.0,8.8,931.0,124.0,869.0,84.0,1588.0,1011.0,15.0,53.1,0.8993,1081587600,2004-04-10 09:00:00
1.9,1112.0,172.0,8.4,917.0,124.0,897.0,90.0,1542.0,931.0,16.6,44.4,0.8313,1081591200,2004-04-10 10:00:00
2.1,1063.0,114.0,7.5,877.0,115.0,971.0,89.0,1481.0,811.0,18.0,38.4,0.7862,1081594800,2004-04-10 11:00:00
1.8,1032.0,166.0,7.8,892.0,101.0,973.0,87.0,1457.0,756.0,20.6,30.0,0.7213,1081598400,2004-04-10 12:00:00
1.5,936.0,94.0,6.4,829.0,90.0,1054.0,88.0,1336.0,607.0,19.9,26.7,0.6137,1081602000,2004-04-10 13:00:00
1.3,883.0,108.0,5.1,766.0,90.0,1152.0,81.0,1238.0,498.0,19.8,23.1,0.5283,1081605600,2004-04-10 14:00:00
1.4,942.0,98.0,6.9,852.0,89.0,1055.0,89.0,1318.0,540.0,21.4,22.7,0.5722,1081609200,2004-04-10 15:00:00
1.5,943.0,132.0,6.8,850.0,92.0,1084.0,91.0,1296.0,544.0,22.1,21.3,0.5605,1081612800,2004-04-10 16:00:00
1.7,1007.0,144.0,7.4,875.0,103.0,1027.0,104.0,1357.0,620.0,21.1,24.5,0.604,1081616400,2004-04-10 17:00:00
2.0,1037.0,165.0,8.7,927.0,122.0,949.0,111.0,1426.0,740.0,18.3,31.6,0.6562,1081620000,2004-04-10 18:00:00
2.5,1127.0,210.0,11.2,1022.0,159.0,871.0,129.0,1534.0,921.0,16.1,35.0,0.6372,1081623600,2004-04-10 19:00:00
2.4,1123.0,277.0,10.5,996.0,172.0,861.0,133.0,1551.0,1033.0,14.8,41.5,0.6929,1081627200,2004-04-10 20:00:00
2.0,1110.0,168.0,8.2,909.0,125.0,916.0,115.0,1487.0,984.0,13.2,50.3,0.7577,1081630800,2004-04-10 21:00:00
2.9,1247.0,248.0,11.6,1037.0,187.0,812.0,125.0,1618.0,1193.0,12.3,55.5,0.7916,1081634400,2004-04-10 22:00:00
2.5,1220.0,235.0,9.7,967.0,174.0,844.0,117.0,1545.0,1219.0,11.8,56.6,0.7833,1081638000,2004-04-10 23:00:00
1.4,1028.0,84.0,5.1,770.0,75.0,1047.0,84.0,1326.0,913.0,11.2,56.2,0.7469,1081641600,2004-04-11 00:00:00
1.2,978.0,75.0,4.0,711.0,48.0,1144.0,63.0,1304.0,750.0,11.0,56.6,0.7418,1081645200,2004-04-11 01:00:00
1.0,949.0,62.0,3.7,694.0,61.0,1160.0,68.0,1310.0,772.0,9.3,64.3,0.7531,1081648800,2004-04-11 02:00:00
0.7,836.0,38.0,2.9,643.0,38.0,1244.0,49.0,1306.0,727.0,7.7,70.7,0.7463,1081659600,2004-04-11 05:00:00
0.8,856.0,44.0,2.9,644.0,41.0,1259.0,49.0,1301.0,746.0,7.4,71.0,0.7346,1081663200,2004-04-11 06:00:00
0.9,888.0,60.0,3.0,651.0,51.0,1240.0,52.0,1298.0,733.0,8.2,66.6,0.7283,1081666800,2004-04-11 07:00:00
1.1,912.0,88.0,3.7,694.0,61.0,1196.0,58.0,1343.0,727.0,8.7,64.3,0.7267,1081670400,2004-04-11 08:00:00
1.0,938.0,70.0,3.9,706.0,47.0,1177.0,51.0,1320.0,642.0,13.0,47.9,0.7116,1081674000,2004-04-11 09:00:00
1.6,1053.0,94.0,6.2,823.0,87.0,1040.0,77.0,1386.0,810.0,17.4,35.4,0.699,1081677600,2004-04-11 10:00:00
1.8,1087.0,126.0,7.3,870.0,107.0,1014.0,90.0,1412.0,851.0,20.2,29.2,0.683,1081681200,2004-04-11 11:00:00
2.6,1153.0,181.0,9.2,945.0,161.0,969.0,118.0,1425.0,911.0,22.7,22.9,0.6224,1081684800,2004-04-11 12:00:00
1.1,894.0,66.0,4.0,710.0,61.0,1209.0,70.0,1200.0,611.0,22.3,22.4,0.5955,1081688400,2004-04-11 13:00:00
0.6,797.0,54.0,2.3,606.0,26.0,1452.0,35.0,1076.0,368.0,22.2,18.9,0.4993,1081692000,2004-04-11 14:00:00
0.9,854.0,48.0,3.1,658.0,42.0,1409.0,46.0,1108.0,369.0,22.0,19.0,0.4969,1081695600,2004-04-11 15:00:00
1.0,892.0,66.0,3.2,665.0,55.0,1348.0,58.0,1150.0,394.0,21.0,23.6,0.5788,1081699200,2004-04-11 16:00:00
1.2,935.0,65.0,3.3,672.0,65.0,1299.0,61.0,1183.0,415.0,19.6,27.4,0.6162,1081702800,2004-04-11 17:00:00
1.4,989.0,68.0,4.0,709.0,75.0,1225.0,80.0,1233.0,469.0,17.9,30.8,0.6258,1081706400,2004-04-11 18:00:00
2.0,1063.0,118.0,5.7,797.0,93.0,1079.0,93.0,1285.0,607.0,16.4,35.3,0.6532,1081710000,2004-04-11 19:00:00
1.1,922.0,65.0,3.4,674.0,63.0,1220.0,78.0,1205.0,498.0,15.6,37.5,0.6575,1081713600,2004-04-11 20:00:00
1.1,925.0,63.0,3.5,680.0,60.0,1223.0,76.0,1217.0,481.0,15.5,36.7,0.6438,1081717200,2004-04-11 21:00:00
1.1,924.0,61.0,2.9,648.0,63.0,1272.0,74.0,1186.0,465.0,14.5,39.0,0.6428,1081720800,2004-04-11 22:00:00
1.1,914.0,63.0,3.1,661.0,66.0,1256.0,81.0,1187.0,478.0,14.2,38.2,0.6163,1081724400,2004-04-11 23:00:00
0.7,840.0,31.0,1.6,556.0,41.0,1474.0,58.0,1094.0,366.0,13.7,38.3,0.5957,1081728000,2004-04-12 00:00:00
0.6,799.0,29.0,1.1,514.0,42.0,1615.0,59.0,1036.0,332.0,14.1,34.0,0.5442,1081731600,2004-04-12 01:00:00
0.7,856.0,34.0,2.0,581.0,36.0,1448.0,54.0,1111.0,346.0,14.6,34.0,0.5605,1081735200,2004-04-12 02:00:00
0.4,835.0,23.0,0.7,472.0,33.0,1756.0,49.0,1117.0,314.0,13.9,43.6,0.6871,1081749600,2004-04-12 06:00:00
0.5,865.0,36.0,0.9,494.0,39.0,1613.0,53.0,1185.0,367.0,13.5,50.1,0.7706,1081753200,2004-04-12 07:00:00
0.6,922.0,39.0,1.5,541.0,45.0,1453.0,57.0,1246.0,432.0,13.3,53.6,0.8169,1081756800,2004-04-12 08:00:00
0.8,975.0,38.0,2.2,598.0,63.0,1268.0,73.0,1293.0,536.0,13.4,56.0,0.8576,1081760400,2004-04-12 09:00:00
1.0,1040.0,55.0,2.9,646.0,71.0,1210.0,78.0,1325.0,555.0,13.0,59.6,0.886,1081764000,2004-04-12 10:00:00
1.3,1115.0,75.0,3.9,707.0,104.0,1105.0,93.0,1384.0,677.0,12.7,62.7,0.9173,1081767600,2004-04-12 11:00:00
1.1,1004.0,64.0,2.8,641.0,85.0,1201.0,71.0,1305.0,557.0,12.1,60.5,0.8505,1081771200,2004-04-12 12:00:00
0.6,895.0,39.0,1.4,536.0,53.0,1415.0,56.0,1229.0,421.0,11.2,64.4,0.8537,1081774800,2004-04-12 13:00:00
0.7,917.0,42.0,1.7,563.0,58.0,1415.0,60.0,1257.0,423.0,10.7,67.6,0.8703,1081778400,2004-04-12 14:00:00
1.2,1025.0,78.0,3.6,689.0,89.0,1189.0,77.0,1325.0,519.0,11.4,61.2,0.8236,1081782000,2004-04-12 15:00:00
1.4,1035.0,69.0,3.1,660.0,96.0,1222.0,82.0,1301.0,533.0,9.9,70.5,0.8581,1081785600,2004-04-12 16:00:00
1.2,1025.0,67.0,3.5,682.0,88.0,1197.0,77.0,1313.0,537.0,10.3,65.2,0.8151,1081789200,2004-04-12 17:00:00
1.3,1040.0,83.0,3.9,705.0,100.0,1149.0,91.0,1324.0,612.0,11.0,58.9,0.7714,1081792800,2004-04-12 18:00:00
1.8,1070.0,79.0,5.2,776.0,127.0,1065.0,93.0,1369.0,697.0,10.6,59.5,0.7595,1081796400,2004-04-12 19:00:00
1.2,964.0,68.0,3.7,692.0,88.0,1176.0,82.0,1292.0,573.0,10.6,57.7,0.7362,1081800000,2004-04-12 20:00:00
0.8,904.0,56.0,2.7,635.0,66.0,1269.0,74.0,1233.0,489.0,10.6,56.1,0.7149,1081803600,2004-04-12 21:00:00
0.8,913.0,49.0,2.6,626.0,61.0,1271.0,68.0,1234.0,474.0,10.3,58.0,0.7239,1081807200,2004-04-12 22:00:00
0.8,914.0,56.0,2.4,610.0,54.0,1322.0,65.0,1230.0,455.0,10.4,58.4,0.7352,1081810800,2004-04-12 23:00:00
0.7,893.0,48.0,2.0,587.0,46.0,1368.0,58.0,1219.0,433.0,10.7,58.2,0.7459,1081814400,2004-04-13 00:00:00
0.5,844.0,27.0,1.3,532.0,25.0,1499.0,36.0,1176.0,376.0,10.5,59.9,0.7624,1081818000,2004-04-13 01:00:00
0.3,837.0,29.0,1.2,518.0,18.0,1581.0,29.0,1182.0,360.0,10.5,60.8,0.7704,1081821600,2004-04-13 02:00:00
0.3,825.0,47.0,0.9,489.0,21.0,1565.0,28.0,1171.0,363.0,11.1,60.1,0.7925,1081828800,2004-04-13 04:00:00
0.7,956.0,66.0,3.1,656.0,76.0,1251.0,68.0,1356.0,525.0,10.1,68.4,0.8443,1081832400,2004-04-13 05:00:00
1.6,1124.0,163.0,6.9,853.0,149.0,960.0,99.0,1531.0,873.0,10.0,68.7,0.8456,1081836000,2004-04-13 06:00:00
3.9,1496.0,524.0,19.1,1272.0,328.0,667.0,130.0,2011.0,1399.0,11.0,64.2,0.8398,1081839600,2004-04-13 07:00:00
4.5,1452.0,657.0,22.1,1354.0,282.0,620.0,128.0,2057.0,1501.0,12.0,58.1,0.8138,1081843200,2004-04-13 08:00:00
2.7,1172.0,324.0,11.8,1042.0,206.0,797.0,120.0,1641.0,1186.0,12.8,52.0,0.7643,1081846800,2004-04-13 09:00:00
1.6,1020.0,144.0,7.3,871.0,133.0,956.0,93.0,1426.0,911.0,12.6,50.8,0.7387,1081850400,2004-04-13 10:00:00
1.6,1044.0,135.0,8.0,900.0,137.0,934.0,96.0,1471.0,919.0,13.8,47.4,0.7435,1081854000,2004-04-13 11:00:00
1.6,1020.0,140.0,7.2,866.0,116.0,972.0,84.0,1429.0,791.0,15.1,42.7,0.7294,1081857600,2004-04-13 12:00:00
1.5,1009.0,141.0,7.7,885.0,112.0,994.0,87.0,1439.0,751.0,16.3,38.1,0.7006,1081861200,2004-04-13 13:00:00
1.8,1073.0,181.0,9.7,966.0,128.0,935.0,87.0,1537.0,805.0,16.6,36.7,0.6867,1081864800,2004-04-13 14:00:00
2.1,1098.0,227.0,9.8,971.0,145.0,877.0,103.0,1527.0,966.0,15.8,40.5,0.7241,1081868400,2004-04-13 15:00:00
1.7,1061.0,149.0,7.7,887.0,110.0,920.0,88.0,1462.0,869.0,16.3,41.8,0.7712,1081872000,2004-04-13 16:00:00
3.0,1289.0,425.0,15.3,1158.0,184.0,755.0,118.0,1791.0,1196.0,16.1,42.8,0.7783,1081875600,2004-04-13 17:00:00
4.6,1442.0,669.0,21.5,1337.0,243.0,630.0,134.0,2004.0,1523.0,15.3,46.8,0.8074,1081879200,2004-04-13 18:00:00
5.0,1479.0,680.0,21.7,1343.0,259.0,631.0,144.0,1995.0,1579.0,14.7,47.0,0.7815,1081882800,2004-04-13 19:00:00
3.5,1266.0,446.0,14.6,1138.0,205.0,726.0,129.0,1747.0,1370.0,14.1,49.6,0.7931,1081886400,2004-04-13 20:00:00
2.1,1149.0,205.0,9.3,952.0,144.0,845.0,108.0,1577.0,1204.0,13.5,54.1,0.8351,1081890000,2004-04-13 21:00:00
2.1,1168.0,194.0,9.4,954.0,152.0,843.0,104.0,1586.0,1201.0,12.3,59.2,0.8461,1081893600,2004-04-13 22:00:00
1.5,1079.0,115.0,6.8,847.0,108.0,925.0,90.0,1463.0,1122.0,11.6,62.2,0.851,1081897200,2004-04-13 23:00:00
1.1,1047.0,74.0,4.9,760.0,64.0,1032.0,74.0,1379.0,1003.0,11.5,61.4,0.8303,1081900800,2004-04-14 00:00:00
0.9,936.0,85.0,3.9,705.0,73.0,1086.0,73.0,1364.0,918.0,10.9,64.6,0.8395,1081904400,2004-04-14 01:00:00
0.7,900.0,66.0,2.7,635.0,47.0,1207.0,60.0,1307.0,836.0,11.1,63.2,0.8331,1081908000,2004-04-14 02:00:00
0.9,905.0,47.0,3.3,670.0,79.0,1191.0,62.0,1346.0,820.0,10.2,65.8,0.8196,1081918800,2004-04-14 05:00:00
1.6,1079.0,116.0,7.4,875.0,113.0,947.0,71.0,1535.0,998.0,10.3,65.6,0.8225,1081922400,2004-04-14 06:00:00
3.9,1417.0,478.0,18.2,1246.0,263.0,669.0,94.0,1921.0,1403.0,10.8,64.0,0.8307,1081926000,2004-04-14 07:00:00
4.3,1397.0,655.0,18.3,1248.0,263.0,659.0,119.0,1906.0,1534.0,15.8,46.8,0.8328,1081933200,2004-04-14 09:00:00
2.7,1214.0,312.0,12.3,1061.0,183.0,780.0,103.0,1662.0,1257.0,19.5,34.4,0.7738,1081936800,2004-04-14 10:00:00
2.1,1109.0,195.0,8.9,935.0,147.0,882.0,95.0,1518.0,1026.0,21.1,30.2,0.745,1081940400,2004-04-14 11:00:00
2.1,1122.0,238.0,10.4,993.0,132.0,859.0,95.0,1571.0,993.0,18.4,34.2,0.7185,1081944000,2004-04-14 12:00:00
3.9,1489.0,536.0,19.1,1270.0,309.0,633.0,114.0,1889.0,1638.0,13.5,53.4,0.8196,1082019600,2004-04-15 09:00:00
3.8,1451.0,481.0,17.3,1219.0,327.0,661.0,127.0,1804.0,1633.0,15.0,49.3,0.8364,1082023200,2004-04-15 10:00:00
3.8,1454.0,460.0,17.5,1225.0,299.0,661.0,135.0,1809.0,1654.0,17.1,42.1,0.812,1082026800,2004-04-15 11:00:00
3.9,1392.0,597.0,17.0,1210.0,257.0,689.0,135.0,1792.0,1559.0,18.4,36.9,0.7758,1082030400,2004-04-15 12:00:00
3.5,1351.0,465.0,17.0,1210.0,195.0,709.0,120.0,1783.0,1374.0,19.3,35.4,0.7824,1082034000,2004-04-15 13:00:00
4.0,1418.0,542.0,19.5,1282.0,231.0,681.0,129.0,1890.0,1418.0,19.2,35.7,0.7826,1082037600,2004-04-15 14:00:00
3.0,1303.0,437.0,14.8,1143.0,170.0,748.0,114.0,1734.0,1228.0,21.5,30.4,0.7677,1082041200,2004-04-15 15:00:00
3.1,1292.0,383.0,14.0,1116.0,192.0,746.0,129.0,1676.0,1293.0,19.6,34.6,0.7807,1082044800,2004-04-15 16:00:00
5.2,1560.0,778.0,24.4,1413.0,251.0,594.0,149.0,2046.0,1642.0,19.6,35.5,0.8017,1082048400,2004-04-15 17:00:00
6.1,1746.0,824.0,24.2,1409.0,319.0,553.0,148.0,2119.0,1898.0,16.8,49.8,0.9446,1082059200,2004-04-15 20:00:00
4.6,1607.0,660.0,19.8,1290.0,264.0,587.0,134.0,1960.0,1758.0,16.2,53.2,0.9723,1082062800,2004-04-15 21:00:00
2.5,1277.0,203.0,9.3,952.0,144.0,802.0,111.0,1607.0,1284.0,14.9,59.1,0.9928,1082066400,2004-04-15 22:00:00
2.2,1207.0,136.0,7.3,868.0,119.0,877.0,106.0,1532.0,1075.0,13.9,64.0,1.013,1082070000,2004-04-15 23:00:00
2.0,1209.0,114.0,7.1,863.0,120.0,882.0,108.0,1547.0,1084.0,13.7,66.8,1.041,1082073600,2004-04-16 00:00:00
1.9,1189.0,110.0,6.7,844.0,96.0,887.0,93.0,1566.0,1049.0,13.4,69.6,1.0688,1082077200,2004-04-16 01:00:00
1.6,1132.0,127.0,6.0,810.0,77.0,899.0,83.0,1532.0,1021.0,12.8,71.9,1.0632,1082080800,2004-04-16 02:00:00
1.0,1033.0,70.0,3.6,686.0,63.0,1030.0,69.0,1420.0,948.0,11.9,74.8,1.038,1082088000,2004-04-16 04:00:00
1.2,1075.0,93.0,5.4,782.0,97.0,941.0,77.0,1505.0,988.0,11.6,76.4,1.0415,1082091600,2004-04-16 05:00:00
2.0,1242.0,179.0,10.0,978.0,180.0,778.0,87.0,1686.0,1184.0,11.7,75.3,1.0325,1082095200,2004-04-16 06:00:00
4.5,1657.0,523.0,23.2,1384.0,352.0,579.0,109.0,2176.0,1600.0,12.8,71.0,1.0428,1082098800,2004-04-16 07:00:00
4.1,1406.0,546.0,18.7,1258.0,279.0,636.0,116.0,1890.0,1495.0,13.8,61.1,0.9595,1082102400,2004-04-16 08:00:00
2.6,1150.0,251.0,9.9,973.0,186.0,827.0,105.0,1590.0,1188.0,15.3,51.4,0.8886,1082106000,2004-04-16 09:00:00
2.3,1184.0,222.0,10.2,983.0,169.0,823.0,106.0,1604.0,1166.0,16.6,48.7,0.9146,1082109600,2004-04-16 10:00:00
2.6,1223.0,212.0,11.0,1014.0,172.0,781.0,108.0,1666.0,1219.0,17.6,46.7,0.9324,1082113200,2004-04-16 11:00:00
2.4,1196.0,263.0,10.5,997.0,127.0,802.0,100.0,1644.0,1128.0,19.2,42.7,0.9425,1082116800,2004-04-16 12:00:00
4.3,1559.0,535.0,18.9,1267.0,230.0,653.0,149.0,2047.0,1373.0,15.7,62.5,1.1092,1082120400,2004-04-16 13:00:00
4.6,1544.0,609.0,18.9,1266.0,280.0,613.0,148.0,2066.0,1415.0,14.5,75.7,1.2425,1082124000,2004-04-16 14:00:00
4.0,1485.0,449.0,17.5,1223.0,242.0,650.0,126.0,1980.0,1302.0,14.4,77.4,1.2654,1082127600,2004-04-16 15:00:00
4.7,1498.0,536.0,17.7,1230.0,250.0,649.0,140.0,1963.0,1308.0,14.6,74.9,1.2391,1082131200,2004-04-16 16:00:00
5.7,1593.0,743.0,23.0,1378.0,309.0,582.0,142.0,2159.0,1449.0,14.6,76.0,1.2573,1082134800,2004-04-16 17:00:00
5.2,1529.0,575.0,20.4,1309.0,270.0,627.0,141.0,2083.0,1385.0,14.0,76.3,1.2166,1082138400,2004-04-16 18:00:00
6.4,1689.0,783.0,26.8,1474.0,323.0,560.0,149.0,2298.0,1492.0,13.9,78.0,1.2303,1082142000,2004-04-16 19:00:00
6.0,1535.0,706.0,19.9,1295.0,307.0,627.0,140.0,2039.0,1380.0,13.8,78.0,1.2229,1082145600,2004-04-16 20:00:00
3.4,1304.0,299.0,12.5,1067.0,224.0,737.0,117.0,1811.0,1167.0,13.5,79.4,1.2224,1082149200,2004-04-16 21:00:00
2.7,1235.0,159.0,9.6,963.0,166.0,803.0,103.0,1680.0,1095.0,13.1,80.1,1.2016,1082152800,2004-04-16 22:00:00
3.1,1281.0,171.0,10.0,977.0,171.0,794.0,99.0,1695.0,1105.0,12.8,81.0,1.1915,1082156400,2004-04-16 23:00:00
2.6,1167.0,162.0,8.1,904.0,169.0,846.0,100.0,1627.0,1051.0,12.7,80.6,1.1819,1082160000,2004-04-17 00:00:00
2.2,1134.0,111.0,7.1,863.0,120.0,869.0,88.0,1599.0,1009.0,12.5,81.8,1.1838,1082163600,2004-04-17 01:00:00
1.9,1100.0,134.0,6.4,829.0,103.0,887.0,83.0,1565.0,972.0,12.7,81.2,1.1849,1082167200,2004-04-17 02:00:00
0.6,852.0,46.0,2.9,646.0,59.0,1186.0,59.0,1321.0,793.0,14.2,52.2,0.8413,1082696400,2004-04-23 05:00:00
0.8,923.0,56.0,4.9,757.0,72.0,1041.0,67.0,1418.0,906.0,14.3,55.4,0.9003,1082700000,2004-04-23 06:00:00
4.0,1490.0,452.0,22.6,1368.0,244.0,627.0,95.0,2119.0,1541.0,14.0,58.0,0.9202,1082703600,2004-04-23 07:00:00
5.0,1553.0,759.0,22.1,1354.0,358.0,621.0,142.0,2030.0,1895.0,19.1,42.1,0.9233,1082710800,2004-04-23 09:00:00
3.2,1423.0,394.0,18.3,1247.0,245.0,706.0,142.0,1887.0,1684.0,23.7,31.0,0.8968,1082714400,2004-04-23 10:00:00
3.8,1458.0,639.0,22.0,1350.0,240.0,677.0,169.0,1947.0,1731.0,26.9,25.7,0.8942,1082718000,2004-04-23 11:00:00
3.3,1349.0,541.0,20.1,1299.0,179.0,728.0,142.0,1838.0,1402.0,29.7,20.6,0.8478,1082721600,2004-04-23 12:00:00
3.0,1326.0,468.0,18.9,1265.0,160.0,757.0,136.0,1835.0,1246.0,29.2,21.5,0.8573,1082725200,2004-04-23 13:00:00
3.2,1356.0,483.0,20.6,1312.0,174.0,729.0,147.0,1865.0,1342.0,29.6,20.1,0.8181,1082728800,2004-04-23 14:00:00
4.6,1497.0,698.0,25.8,1449.0,281.0,679.0,186.0,1985.0,1532.0,29.5,20.1,0.8136,1082736000,2004-04-23 16:00:00
4.6,1482.0,692.0,20.8,1319.0,230.0,660.0,146.0,1975.0,1703.0,21.5,40.8,1.0333,1082750400,2004-04-23 20:00:00
1.8,1211.0,145.0,10.9,1010.0,98.0,816.0,98.0,1619.0,1246.0,20.5,41.5,0.9864,1082754000,2004-04-23 21:00:00
2.2,1294.0,208.0,13.0,1083.0,121.0,770.0,108.0,1687.0,1321.0,19.2,44.9,0.9875,1082757600,2004-04-23 22:00:00
2.0,1300.0,204.0,11.8,1043.0,110.0,777.0,107.0,1659.0,1375.0,18.8,47.7,1.0221,1082761200,2004-04-23 23:00:00
2.8,1402.0,240.0,13.4,1098.0,161.0,736.0,113.0,1729.0,1456.0,18.2,49.7,1.0284,1082764800,2004-04-24 00:00:00
2.6,1349.0,251.0,13.4,1097.0,148.0,707.0,100.0,1763.0,1442.0,16.1,57.4,1.0451,1082768400,2004-04-24 01:00:00
1.8,1161.0,173.0,9.0,938.0,109.0,827.0,87.0,1597.0,1243.0,16.3,55.3,1.0178,1082772000,2004-04-24 02:00:00
0.7,933.0,65.0,3.7,697.0,71.0,1045.0,65.0,1403.0,937.0,14.8,57.7,0.9644,1082782800,2004-04-24 05:00:00
0.9,1021.0,119.0,5.7,800.0,75.0,931.0,64.0,1483.0,1019.0,14.0,59.7,0.9499,1082786400,2004-04-24 06:00:00
1.5,1134.0,151.0,10.0,979.0,106.0,794.0,73.0,1639.0,1140.0,14.6,56.8,0.9385,1082790000,2004-04-24 07:00:00
2.5,1311.0,305.0,15.0,1147.0,166.0,681.0,86.0,1838.0,1351.0,16.7,51.9,0.9788,1082793600,2004-04-24 08:00:00
3.0,1409.0,415.0,15.6,1169.0,188.0,685.0,105.0,1874.0,1459.0,20.0,45.0,1.039,1082797200,2004-04-24 09:00:00
2.6,1301.0,321.0,12.3,1059.0,161.0,787.0,107.0,1727.0,1297.0,23.9,33.7,0.9837,1082800800,2004-04-24 10:00:00
2.6,1354.0,358.0,14.4,1130.0,139.0,765.0,114.0,1808.0,1291.0,26.8,29.5,1.0209,1082804400,2004-04-24 11:00:00
2.6,1391.0,350.0,14.6,1136.0,134.0,738.0,105.0,1840.0,1296.0,27.2,32.4,1.1493,1082808000,2004-04-24 12:00:00
1.9,1200.0,238.0,8.7,929.0,84.0,879.0,74.0,1623.0,972.0,26.9,32.1,1.1217,1082811600,2004-04-24 13:00:00
2.0,1338.0,215.0,11.0,1016.0,98.0,798.0,95.0,1766.0,1194.0,24.3,41.8,1.2561,1082815200,2004-04-24 14:00:00
1.7,1223.0,192.0,9.0,938.0,91.0,884.0,89.0,1610.0,880.0,25.6,36.0,1.1629,1082818800,2004-04-24 15:00:00
1.9,1278.0,205.0,10.7,1003.0,99.0,845.0,95.0,1691.0,909.0,27.0,31.8,1.1176,1082822400,2004-04-24 16:00:00
1.8,1257.0,165.0,9.9,973.0,90.0,860.0,93.0,1634.0,839.0,27.5,31.6,1.1417,1082826000,2004-04-24 17:00:00
2.8,1497.0,283.0,15.7,1171.0,147.0,725.0,123.0,1899.0,1248.0,24.9,38.1,1.1838,1082829600,2004-04-24 18:00:00
3.5,1567.0,467.0,19.4,1280.0,177.0,661.0,134.0,1970.0,1476.0,23.4,39.7,1.1276,1082833200,2004-04-24 19:00:00
3.4,1503.0,485.0,16.8,1203.0,162.0,651.0,126.0,1863.0,1502.0,21.2,50.8,1.2631,1082836800,2004-04-24 20:00:00
2.0,1169.0,202.0,6.8,850.0,88.0,906.0,79.0,1584.0,873.0,15.6,73.5,1.2953,1082840400,2004-04-24 21:00:00
1.1,1007.0,64.0,3.0,650.0,53.0,1157.0,54.0,1404.0,528.0,12.9,79.7,1.1774,1082844000,2004-04-24 22:00:00
1.3,1004.0,71.0,3.2,667.0,68.0,1157.0,69.0,1365.0,492.0,11.5,76.9,1.0436,1082847600,2004-04-24 23:00:00
1.2,967.0,84.0,3.1,661.0,61.0,1181.0,67.0,1321.0,463.0,12.2,66.8,0.9455,1082851200,2004-04-25 00:00:00
1.3,984.0,70.0,3.9,707.0,71.0,1131.0,73.0,1359.0,494.0,12.4,64.1,0.9209,1082854800,2004-04-25 01:00:00
1.0,931.0,61.0,3.6,689.0,63.0,1161.0,73.0,1317.0,503.0,12.7,58.7,0.8605,1082858400,2004-04-25 02:00:00
0.5,804.0,31.0,1.1,505.0,34.0,1718.0,37.0,1148.0,329.0,12.8,49.3,0.7285,1082872800,2004-04-25 06:00:00
0.6,830.0,41.0,1.4,535.0,42.0,1496.0,50.0,1184.0,375.0,13.5,48.6,0.7487,1082876400,2004-04-25 07:00:00
0.6,833.0,40.0,1.6,553.0,40.0,1476.0,45.0,1180.0,373.0,14.4,45.9,0.7476,1082880000,2004-04-25 08:00:00
0.8,875.0,35.0,2.3,603.0,48.0,1370.0,48.0,1206.0,385.0,15.1,43.9,0.7487,1082883600,2004-04-25 09:00:00
1.0,882.0,44.0,2.5,621.0,61.0,1346.0,56.0,1216.0,403.0,16.6,38.6,0.7236,1082887200,2004-04-25 10:00:00
0.9,862.0,71.0,2.7,635.0,58.0,1320.0,58.0,1193.0,393.0,17.2,35.0,0.6789,1082890800,2004-04-25 11:00:00
1.0,863.0,66.0,2.7,636.0,57.0,1290.0,52.0,1185.0,388.0,17.4,33.9,0.6683,1082894400,2004-04-25 12:00:00
0.8,830.0,46.0,2.2,596.0,54.0,1389.0,52.0,1145.0,371.0,17.9,30.7,0.6234,1082898000,2004-04-25 13:00:00
0.7,807.0,50.0,2.0,584.0,41.0,1488.0,44.0,1104.0,347.0,18.3,27.2,0.5675,1082901600,2004-04-25 14:00:00
0.9,873.0,51.0,3.4,675.0,57.0,1343.0,59.0,1181.0,396.0,19.4,25.7,0.5738,1082905200,2004-04-25 15:00:00
1.3,931.0,64.0,4.5,739.0,83.0,1274.0,74.0,1219.0,474.0,20.2,24.1,0.563,1082908800,2004-04-25 16:00:00
1.4,918.0,138.0,4.7,748.0,81.0,1228.0,76.0,1219.0,505.0,19.6,24.9,0.5625,1082912400,2004-04-25 17:00:00
1.5,1001.0,137.0,6.0,811.0,98.0,1122.0,83.0,1344.0,625.0,18.5,27.8,0.5843,1082916000,2004-04-25 18:00:00
2.7,1169.0,303.0,11.7,1039.0,124.0,883.0,100.0,1550.0,941.0,17.8,30.3,0.6129,1082919600,2004-04-25 19:00:00
2.5,1085.0,204.0,8.2,907.0,133.0,976.0,101.0,1419.0,893.0,16.6,34.0,0.6353,1082923200,2004-04-25 20:00:00
1.4,940.0,95.0,5.1,769.0,100.0,1103.0,90.0,1310.0,731.0,15.5,37.0,0.6447,1082926800,2004-04-25 21:00:00
2.8,1126.0,347.0,13.0,1083.0,116.0,875.0,93.0,1654.0,955.0,14.8,39.5,0.6595,1082930400,2004-04-25 22:00:00
2.1,978.0,252.0,7.0,858.0,102.0,1013.0,79.0,1379.0,761.0,14.5,42.0,0.6896,1082934000,2004-04-25 23:00:00
1.1,893.0,66.0,3.9,703.0,55.0,1192.0,57.0,1283.0,515.0,14.1,44.9,0.7206,1082937600,2004-04-26 00:00:00
0.7,838.0,45.0,2.2,601.0,33.0,1361.0,43.0,1220.0,434.0,14.2,45.5,0.7333,1082941200,2004-04-26 01:00:00
0.4,803.0,36.0,1.3,527.0,17.0,1513.0,25.0,1152.0,369.0,14.1,45.3,0.7247,1082944800,2004-04-26 02:00:00
0.4,809.0,21.0,1.2,521.0,35.0,1575.0,44.0,1158.0,378.0,13.9,43.9,0.6923,1082955600,2004-04-26 05:00:00
0.8,898.0,60.0,3.4,676.0,70.0,1271.0,72.0,1307.0,517.0,14.0,43.8,0.6959,1082959200,2004-04-26 06:00:00
1.9,1053.0,155.0,7.5,880.0,116.0,982.0,91.0,1464.0,786.0,14.4,43.6,0.7113,1082962800,2004-04-26 07:00:00
2.1,1033.0,235.0,8.9,934.0,134.0,917.0,89.0,1490.0,844.0,15.0,41.7,0.7093,1082966400,2004-04-26 08:00:00
1.4,941.0,89.0,5.3,780.0,113.0,1080.0,84.0,1343.0,720.0,16.3,38.4,0.7052,1082970000,2004-04-26 09:00:00
1.4,941.0,76.0,5.4,782.0,110.0,1102.0,83.0,1328.0,668.0,18.3,32.3,0.676,1082973600,2004-04-26 10:00:00
1.3,917.0,101.0,5.2,772.0,98.0,1098.0,78.0,1311.0,605.0,18.8,31.7,0.6821,1082977200,2004-04-26 11:00:00
1.5,977.0,109.0,6.6,837.0,96.0,1038.0,80.0,1413.0,646.0,19.6,30.9,0.6968,1082980800,2004-04-26 12:00:00
1.6,994.0,143.0,6.9,851.0,95.0,1018.0,75.0,1436.0,640.0,20.2,30.7,0.7176,1082984400,2004-04-26 13:00:00
1.3,942.0,104.0,5.4,785.0,86.0,1065.0,77.0,1365.0,571.0,19.7,32.5,0.7396,1082988000,2004-04-26 14:00:00
1.4,981.0,107.0,6.0,810.0,86.0,1060.0,77.0,1395.0,605.0,20.7,31.6,0.7602,1082991600,2004-04-26 15:00:00
1.5,984.0,133.0,6.4,832.0,91.0,1034.0,81.0,1410.0,636.0,20.0,32.7,0.7545,1082995200,2004-04-26 16:00:00
2.2,1116.0,171.0,10.7,1003.0,119.0,864.0,101.0,1625.0,886.0,18.6,35.4,0.7535,1082998800,2004-04-26 17:00:00
3.2,1181.0,405.0,13.9,1114.0,147.0,787.0,119.0,1685.0,1032.0,18.3,35.9,0.7501,1083002400,2004-04-26 18:00:00
3.0,1163.0,334.0,12.5,1068.0,135.0,811.0,111.0,1616.0,977.0,17.8,37.5,0.7568,1083006000,2004-04-26 19:00:00
2.6,1081.0,236.0,9.3,950.0,124.0,907.0,109.0,1496.0,924.0,17.3,38.8,0.7584,1083009600,2004-04-26 20:00:00
1.6,1017.0,99.0,6.7,842.0,89.0,1000.0,101.0,1441.0,846.0,17.3,38.8,0.7596,1083013200,2004-04-26 21:00:00
1.5,966.0,93.0,5.3,778.0,79.0,1057.0,89.0,1359.0,755.0,16.4,40.8,0.7542,1083016800,2004-04-26 22:00:00
1.2,924.0,82.0,4.0,709.0,63.0,1158.0,75.0,1318.0,610.0,16.0,41.4,0.7487,1083020400,2004-04-26 23:00:00
0.8,861.0,51.0,2.2,601.0,39.0,1351.0,51.0,1225.0,439.0,15.4,43.0,0.7482,1083024000,2004-04-27 00:00:00
0.7,826.0,41.0,1.7,560.0,25.0,1424.0,39.0,1197.0,402.0,15.7,42.5,0.7539,1083027600,2004-04-27 01:00:00
0.5,846.0,31.0,1.6,557.0,19.0,1385.0,32.0,1212.0,406.0,15.6,43.4,0.7651,1083031200,2004-04-27 02:00:00
0.7,930.0,38.0,3.3,670.0,58.0,1143.0,68.0,1339.0,746.0,15.5,47.3,0.8282,1083042000,2004-04-27 05:00:00
1.4,1120.0,111.0,8.9,935.0,112.0,843.0,76.0,1593.0,1126.0,14.4,53.1,0.8677,1083045600,2004-04-27 06:00:00
4.1,1518.0,584.0,23.4,1389.0,314.0,589.0,122.0,2101.0,1703.0,15.9,48.5,0.8704,1083049200,2004-04-27 07:00:00
4.6,1461.0,633.0,23.8,1398.0,240.0,630.0,129.0,2050.0,1628.0,18.1,40.3,0.8294,1083052800,2004-04-27 08:00:00
1.9,1075.0,145.0,7.9,896.0,128.0,938.0,94.0,1487.0,936.0,19.6,35.9,0.81,1083056400,2004-04-27 09:00:00
1.9,1061.0,155.0,8.2,908.0,141.0,968.0,99.0,1455.0,890.0,22.8,29.1,0.796,1083060000,2004-04-27 10:00:00
1.7,1066.0,128.0,8.8,931.0,118.0,979.0,81.0,1474.0,757.0,24.8,25.3,0.7793,1083063600,2004-04-27 11:00:00
2.4,1179.0,255.0,14.6,1137.0,132.0,829.0,87.0,1651.0,949.0,27.2,22.0,0.7785,1083067200,2004-04-27 12:00:00
3.0,1251.0,411.0,18.0,1238.0,150.0,773.0,107.0,1779.0,1109.0,28.2,20.4,0.7677,1083070800,2004-04-27 13:00:00
2.0,1120.0,173.0,12.0,1048.0,121.0,898.0,95.0,1560.0,870.0,25.4,24.2,0.7733,1083074400,2004-04-27 14:00:00
2.7,1187.0,277.0,14.8,1142.0,149.0,840.0,110.0,1651.0,1011.0,25.7,23.8,0.7737,1083078000,2004-04-27 15:00:00
2.2,1145.0,259.0,12.5,1066.0,120.0,903.0,99.0,1592.0,885.0,27.2,22.1,0.7811,1083081600,2004-04-27 16:00:00
2.9,1215.0,274.0,15.5,1164.0,155.0,817.0,113.0,1689.0,1015.0,27.0,22.3,0.786,1083085200,2004-04-27 17:00:00
3.4,1317.0,377.0,17.7,1231.0,172.0,766.0,127.0,1798.0,1155.0,24.5,27.8,0.8433,1083088800,2004-04-27 18:00:00
3.9,1388.0,457.0,21.6,1341.0,177.0,702.0,131.0,1955.0,1315.0,23.7,30.2,0.8718,1083092400,2004-04-27 19:00:00
3.6,1295.0,555.0,18.9,1266.0,181.0,716.0,137.0,1849.0,1359.0,21.5,34.5,0.8746,1083096000,2004-04-27 20:00:00
2.5,1153.0,279.0,12.5,1066.0,135.0,811.0,122.0,1651.0,1194.0,19.9,37.8,0.8675,1083099600,2004-04-27 21:00:00
1.8,1078.0,137.0,8.8,932.0,99.0,905.0,100.0,1511.0,951.0,18.9,40.6,0.8771,1083103200,2004-04-27 22:00:00
2.0,1133.0,203.0,10.9,1012.0,111.0,806.0,108.0,1608.0,1054.0,17.9,43.5,0.884,1083106800,2004-04-27 23:00:00
1.3,1055.0,101.0,8.0,899.0,72.0,880.0,83.0,1504.0,980.0,17.4,46.3,0.9112,1083110400,2004-04-28 00:00:00
1.0,953.0,86.0,4.4,735.0,54.0,999.0,74.0,1396.0,898.0,18.1,44.7,0.9186,1083114000,2004-04-28 01:00:00
0.6,892.0,51.0,2.8,639.0,41.0,1139.0,64.0,1359.0,803.0,16.5,50.1,0.9331,1083117600,2004-04-28 02:00:00
0.5,856.0,33.0,2.5,619.0,29.0,1191.0,39.0,1345.0,677.0,16.3,52.8,0.9722,1083128400,2004-04-28 05:00:00
1.1,1030.0,95.0,7.5,880.0,76.0,892.0,69.0,1539.0,996.0,13.9,60.7,0.9597,1083132000,2004-04-28 06:00:00
4.2,1486.0,588.0,22.0,1351.0,274.0,571.0,100.0,2112.0,1692.0,16.1,54.8,0.996,1083139200,2004-04-28 08:00:00
4.6,1592.0,658.0,24.7,1423.0,322.0,577.0,146.0,2155.0,2108.0,19.3,46.4,1.0248,1083142800,2004-04-28 09:00:00
3.4,1469.0,372.0,18.4,1252.0,255.0,692.0,155.0,1903.0,1807.0,24.2,33.8,1.0097,1083146400,2004-04-28 10:00:00
2.8,1364.0,386.0,16.8,1205.0,196.0,723.0,139.0,1850.0,1566.0,26.7,28.7,0.9895,1083150000,2004-04-28 11:00:00
2.5,1285.0,333.0,14.2,1123.0,136.0,755.0,121.0,1741.0,1293.0,27.4,28.2,1.0098,1083153600,2004-04-28 12:00:00
2.4,1311.0,293.0,15.7,1170.0,119.0,748.0,108.0,1787.0,1219.0,28.1,26.9,1.0094,1083157200,2004-04-28 13:00:00
3.2,1416.0,511.0,21.9,1348.0,169.0,684.0,126.0,1969.0,1330.0,27.7,26.5,0.9693,1083160800,2004-04-28 14:00:00
3.5,1387.0,559.0,20.8,1318.0,197.0,701.0,145.0,1890.0,1299.0,28.4,23.4,0.8935,1083164400,2004-04-28 15:00:00
2.9,1329.0,375.0,16.2,1185.0,140.0,768.0,121.0,1750.0,1111.0,28.4,26.0,0.9922,1083168000,2004-04-28 16:00:00
3.6,1496.0,509.0,19.8,1292.0,178.0,680.0,145.0,1878.0,1300.0,27.3,30.0,1.0752,1083171600,2004-04-28 17:00:00
4.8,1676.0,790.0,28.9,1525.0,223.0,567.0,160.0,2226.0,1653.0,24.3,37.3,1.1199,1083175200,2004-04-28 18:00:00
5.4,1724.0,816.0,28.3,1510.0,222.0,562.0,155.0,2252.0,1716.0,23.1,42.2,1.1746,1083178800,2004-04-28 19:00:00
5.3,1642.0,804.0,24.9,1426.0,265.0,597.0,162.0,2117.0,1720.0,21.8,43.6,1.1226,1083182400,2004-04-28 20:00:00
2.7,1267.0,332.0,13.1,1088.0,151.0,764.0,129.0,1740.0,1339.0,19.8,46.8,1.0702,1083186000,2004-04-28 21:00:00
1.4,1146.0,156.0,8.6,923.0,79.0,845.0,96.0,1575.0,1166.0,19.6,49.8,1.1221,1083189600,2004-04-28 22:00:00
1.6,1216.0,143.0,9.5,960.0,87.0,788.0,92.0,1662.0,1256.0,17.9,56.2,1.142,1083193200,2004-04-28 23:00:00
1.5,1128.0,117.0,7.8,891.0,88.0,838.0,89.0,1574.0,1125.0,17.4,55.6,1.0963,1083196800,2004-04-29 00:00:00
1.0,1042.0,84.0,5.2,772.0,51.0,923.0,61.0,1495.0,968.0,16.8,59.5,1.1269,1083200400,2004-04-29 01:00:00
0.6,926.0,60.0,2.8,639.0,34.0,1115.0,54.0,1409.0,814.0,15.9,60.1,1.0806,1083204000,2004-04-29 02:00:00
0.8,959.0,64.0,4.4,734.0,76.0,1038.0,57.0,1470.0,861.0,13.3,67.0,1.0203,1083214800,2004-04-29 05:00:00
1.5,1097.0,148.0,9.4,956.0,139.0,827.0,68.0,1620.0,1047.0,12.9,66.5,0.9846,1083218400,2004-04-29 06:00:00
3.5,1408.0,475.0,18.0,1241.0,250.0,648.0,135.0,1886.0,1711.0,18.6,47.8,1.0143,1083229200,2004-04-29 09:00:00
2.1,1156.0,220.0,10.9,1009.0,145.0,875.0,118.0,1583.0,1204.0,23.8,30.2,0.8771,1083232800,2004-04-29 10:00:00
1.5,1042.0,105.0,9.0,941.0,110.0,971.0,91.0,1491.0,871.0,25.4,25.0,0.7966,1083236400,2004-04-29 11:00:00
2.0,1167.0,190.0,14.4,1128.0,104.0,829.0,89.0,1716.0,1040.0,25.6,25.5,0.8234,1083240000,2004-04-29 12:00:00
3.8,1398.0,516.0,22.3,1360.0,205.0,656.0,129.0,2037.0,1439.0,24.9,29.9,0.9325,1083243600,2004-04-29 13:00:00
3.4,1458.0,346.0,20.9,1321.0,201.0,654.0,122.0,2023.0,1516.0,22.4,37.9,1.016,1083247200,2004-04-29 14:00:00
4.4,1554.0,565.0,23.1,1379.0,266.0,614.0,138.0,2151.0,1693.0,21.7,44.0,1.1242,1083250800,2004-04-29 15:00:00
3.9,1495.0,483.0,21.2,1331.0,246.0,615.0,136.0,2069.0,1635.0,21.4,44.4,1.1176,1083254400,2004-04-29 16:00:00
4.9,1560.0,651.0,24.8,1424.0,247.0,579.0,143.0,2176.0,1688.0,20.8,45.3,1.1016,1083258000,2004-04-29 17:00:00
5.4,1664.0,657.0,28.6,1519.0,271.0,553.0,145.0,2312.0,1820.0,20.2,48.6,1.1354,1083261600,2004-04-29 18:00:00
4.3,1524.0,435.0,19.2,1275.0,245.0,608.0,122.0,2046.0,1740.0,18.6,57.6,1.2233,1083268800,2004-04-29 20:00:00
2.9,1398.0,209.0,16.3,1189.0,180.0,646.0,112.0,1931.0,1577.0,18.2,58.8,1.2173,1083272400,2004-04-29 21:00:00
2.7,1342.0,202.0,13.7,1106.0,156.0,694.0,102.0,1856.0,1443.0,17.8,61.0,1.2352,1083276000,2004-04-29 22:00:00
2.8,1433.0,174.0,13.6,1104.0,172.0,681.0,97.0,1876.0,1411.0,17.0,70.7,1.3554,1083279600,2004-04-29 23:00:00
0.8,1005.0,48.0,4.5,738.0,68.0,1005.0,66.0,1563.0,917.0,15.7,74.7,1.3194,1083301200,2004-04-30 05:00:00
1.7,1206.0,111.0,9.3,949.0,162.0,818.0,90.0,1771.0,1116.0,15.9,73.1,1.3136,1083304800,2004-04-30 06:00:00
3.0,1458.0,345.0,18.3,1249.0,213.0,662.0,111.0,2033.0,1380.0,16.6,68.2,1.2737,1083308400,2004-04-30 07:00:00
3.4,1405.0,332.0,19.9,1295.0,161.0,638.0,103.0,2065.0,1378.0,18.7,57.6,1.2323,1083312000,2004-04-30 08:00:00
3.3,1381.0,344.0,16.6,1199.0,209.0,685.0,117.0,1970.0,1365.0,17.6,65.0,1.2945,1083315600,2004-04-30 09:00:00
2.7,1315.0,212.0,12.6,1072.0,191.0,736.0,116.0,1833.0,1273.0,16.3,73.2,1.3458,1083319200,2004-04-30 10:00:00
3.4,1399.0,377.0,17.4,1222.0,202.0,643.0,115.0,2061.0,1413.0,19.4,60.9,1.3545,1083330000,2004-04-30 13:00:00
2.6,1310.0,210.0,15.4,1160.0,153.0,695.0,94.0,1939.0,1224.0,21.4,50.9,1.2823,1083333600,2004-04-30 14:00:00
3.4,1399.0,265.0,16.7,1201.0,185.0,699.0,121.0,1971.0,1318.0,22.7,45.8,1.2465,1083337200,2004-04-30 15:00:00
4.5,1487.0,454.0,19.2,1274.0,215.0,641.0,110.0,2133.0,1471.0,21.0,54.3,1.3353,1083344400,2004-04-30 17:00:00
4.2,1480.0,460.0,21.0,1324.0,215.0,622.0,122.0,2162.0,1623.0,20.8,54.4,1.3194,1083348000,2004-04-30 18:00:00
5.7,1626.0,642.0,26.9,1476.0,281.0,555.0,135.0,2356.0,1786.0,19.8,58.6,1.3392,1083351600,2004-04-30 19:00:00
4.4,1449.0,501.0,19.5,1282.0,254.0,625.0,133.0,2100.0,1569.0,19.1,61.1,1.3345,1083355200,2004-04-30 20:00:00
3.1,1363.0,234.0,15.1,1152.0,189.0,684.0,110.0,1951.0,1495.0,18.2,65.4,1.3529,1083358800,2004-04-30 21:00:00
3.0,1371.0,212.0,14.6,1136.0,174.0,689.0,102.0,1927.0,1471.0,18.1,66.1,1.3579,1083362400,2004-04-30 22:00:00
3.1,1406.0,275.0,13.7,1107.0,167.0,718.0,108.0,1872.0,1384.0,17.7,66.9,1.3422,1083366000,2004-04-30 23:00:00
3.5,1425.0,275.0,15.2,1155.0,185.0,709.0,110.0,1936.0,1789.0,17.8,66.8,1.346,1083369600,2004-05-01 00:00:00
